variant_name,model_name,split_name,drone_type,mean_true_distance_m,mean_predicted_distance_m,count,mae,median_absolute_error,mean_relative_error,median_relative_error,rmse,r2,mean_signed_error,median_signed_error,p90_absolute_error,p95_absolute_error,max_absolute_error,within_5m_rate,within_10m_rate,within_20m_rate,overprediction_rate,underprediction_rate
baseline_full_geometry,blend,real_external,Kongsberg,27.295566502463053,63.99417766966469,203,36.69861116720163,34.65786086999705,1.5908022529556,1.3863144347998821,40.714977588062624,-6.617896992883242,36.69861116720163,34.65786086999705,62.170156117168375,66.67399803549175,71.49686332084323,0.0,0.0,0.23645320197044334,1.0,0.0
baseline_full_geometry,blend,real_external,Vestfold,39.86013986013986,58.84436100353168,286,18.98422114339184,14.886266762094646,0.5854449267859972,0.5118606133634069,21.78646416180008,-0.10550562344818082,18.98422114339184,14.886266762094646,36.21450584890375,41.43673855618788,54.09405540256313,0.006993006993006993,0.15384615384615385,0.6468531468531469,1.0,0.0
baseline_full_geometry,rf,real_external,Kongsberg,27.295566502463053,66.19956679032089,203,38.904000287857826,39.202724867724875,1.69593084337887,1.5080896634229972,42.592468646143644,-7.336664431470789,38.904000287857826,39.202724867724875,62.62313460058458,66.63185988437695,75.9591173551657,0.0,0.0,0.21674876847290642,1.0,0.0
baseline_full_geometry,rf,real_external,Vestfold,39.86013986013986,60.76824604503094,286,20.908106184891086,16.946992756153005,0.6225676330320159,0.5549032646954342,23.661561744838984,-0.3039900101920907,20.908106184891086,16.946992756153005,37.3919774900831,44.777051341405524,57.99638556956819,0.0034965034965034965,0.06993006993006994,0.583916083916084,1.0,0.0
baseline_full_geometry,xgb,real_external,Kongsberg,27.295566502463053,62.261371932006234,203,34.96580542954318,31.0792236328125,1.5082012176230306,1.317058308919271,39.36658597617569,-6.121675830177262,34.96580542954318,31.0792236328125,62.66393737792969,65.70298538208007,71.16850280761719,0.0,0.0,0.2857142857142857,1.0,0.0
baseline_full_geometry,xgb,real_external,Vestfold,39.86013986013986,57.332737042353706,286,17.47260358450296,12.735189437866211,0.5562771928689438,0.4803510538736979,20.451406400015603,0.025832111730265783,17.472597182213843,12.735189437866211,35.105491638183594,40.575998306274414,51.02793884277344,0.02097902097902098,0.25524475524475526,0.7202797202797203,0.9965034965034965,0.0034965034965034965
raw_depth_only,blend,real_external,Kongsberg,27.295566502463053,70.24679796661411,203,42.99450787692139,40.630735690905055,3.3761482845771997,1.5649335575379595,46.875364402418725,-9.097549936336335,42.95123146415104,40.630735690905055,69.58965697177787,79.80689581601092,90.54330293924644,0.014778325123152709,0.034482758620689655,0.10344827586206896,0.9950738916256158,0.0049261083743842365
raw_depth_only,blend,real_external,Vestfold,39.86013986013986,77.53321481339086,286,38.10883148534646,37.9509461499411,1.7098781873205477,1.1611908728883127,43.10258645429038,-3.3270719355343834,37.67307495325098,37.9509461499411,65.73699689553882,73.69313615800162,93.12544138842384,0.01048951048951049,0.07342657342657342,0.23776223776223776,0.9790209790209791,0.02097902097902098
raw_depth_only,rf,real_external,Kongsberg,27.295566502463053,70.71835532192675,203,43.49551499039183,41.480873015873016,3.398030922557484,1.6088800705467354,47.53055273678234,-9.381794434816822,43.4227888194637,41.480873015873016,71.85850132275131,77.09446879509377,91.91194504569503,0.0049261083743842365,0.024630541871921183,0.10344827586206896,0.9950738916256158,0.0049261083743842365
raw_depth_only,rf,real_external,Vestfold,39.86013986013986,78.8127878834129,286,39.52689003126503,38.456765873015854,1.764913510550073,1.1340863921957667,44.73946396964418,-3.6619649584861245,38.952648023273014,38.456765873015854,66.6311607142857,78.33273148148149,100.8367658730158,0.03146853146853147,0.06643356643356643,0.20279720279720279,0.9755244755244755,0.024475524475524476
raw_depth_only,xgb,real_external,Kongsberg,27.295566502463053,69.8762886160113,203,42.61214804062115,40.73255920410156,3.3592056413069313,1.5061028616768972,46.76869231939832,-9.051645179527783,42.58072211354824,40.73255920410156,68.68255920410157,79.57850646972655,93.90643310546875,0.014778325123152709,0.04926108374384237,0.10344827586206896,0.9901477832512315,0.009852216748768473
raw_depth_only,xgb,real_external,Vestfold,39.86013986013986,76.52783597265923,286,37.085160415489355,36.80276870727539,1.6678769633308854,1.0713530131748743,42.26115179314125,-3.15977758497972,36.66769611251938,36.80276870727539,65.4126968383789,73.69438362121582,87.06654357910156,0.017482517482517484,0.08741258741258741,0.26223776223776224,0.9825174825174825,0.017482517482517484
reduced_geometry,blend,real_external,Kongsberg,27.295566502463053,57.61972691927868,203,30.324160416815634,28.180744279552655,1.363021711483162,1.1709605856672265,33.41989378726995,-4.132592989822869,30.324160416815634,28.180744279552655,50.46013495862034,54.900379652216984,67.86007510540674,0.0,0.0,0.270935960591133,1.0,0.0
reduced_geometry,blend,real_external,Vestfold,39.86013986013986,55.20219047947696,286,15.348171704900308,12.659816865983593,0.5135157080961575,0.40448798489705123,17.75716382114434,0.26559664084727386,15.342050619337108,12.659816865983593,27.12018505201145,35.49870443813339,52.908918550812274,0.03496503496503497,0.3181818181818182,0.7587412587412588,0.9965034965034965,0.0034965034965034965
reduced_geometry,rf,real_external,Kongsberg,27.295566502463053,58.64283999747822,203,31.347273495015163,29.723452380952402,1.4582530885242742,1.2396542240827955,34.19389950805351,-4.373088054278846,31.347273495015163,29.723452380952402,50.82188959288962,55.08034093915344,68.36294146825396,0.0,0.0,0.2512315270935961,1.0,0.0
reduced_geometry,rf,real_external,Vestfold,39.86013986013986,55.50236315708665,286,15.651956168242167,13.25771164021164,0.534432981519919,0.42584764309764306,17.987096913145407,0.24645429092739757,15.642223296946796,13.25771164021164,26.363862433862437,35.611271640435824,54.644623015873066,0.03496503496503497,0.2727272727272727,0.7692307692307693,0.9965034965034965,0.0034965034965034965
reduced_geometry,xgb,real_external,Kongsberg,27.295566502463053,56.81585235783619,203,29.52028585537314,27.269222259521484,1.2881970580937163,1.1201245989118302,32.84326474278131,-3.957004783303928,29.52028585537314,27.269222259521484,50.354559326171874,54.94663848876953,67.4649658203125,0.0,0.04433497536945813,0.2857142857142857,1.0,0.0
reduced_geometry,xgb,real_external,Vestfold,39.86013986013986,54.96634051849792,286,15.109483912274554,12.485574722290039,0.49708070754891626,0.3989744027455647,17.627924529227073,0.2762479332236547,15.10620065835806,12.485574722290039,27.096145629882812,34.61672782897949,51.54515075683594,0.038461538461538464,0.36713286713286714,0.7587412587412588,0.9965034965034965,0.0034965034965034965
scale_lognormal_full_geometry,blend,real_external,Kongsberg,27.295566502463053,67.45734494773605,203,40.161778445273,42.86057413336535,1.7630251423761465,1.607699351071779,44.16094104159595,-7.961966878829529,40.161778445273,42.86057413336535,64.5586010289042,67.76367455266188,75.14650148512423,0.0,0.0,0.2413793103448276,1.0,0.0
scale_lognormal_full_geometry,blend,real_external,Vestfold,39.86013986013986,65.43431176007093,286,25.57417189993106,23.501295113699797,0.7790626458280471,0.6961613713432797,28.0148493976774,-0.8279488379863644,25.57417189993106,23.501295113699797,41.23192228209482,45.35730673935937,55.37548157539166,0.0034965034965034965,0.006993006993006993,0.3916083916083916,1.0,0.0
scale_lognormal_full_geometry,rf,real_external,Kongsberg,27.295566502463053,70.63021168526446,203,43.33464518280139,48.630238095238056,1.9355797963158148,1.7792057880391212,46.723055507208684,-9.032037993226465,43.33464518280139,48.630238095238056,64.74529660753193,67.06932843137253,74.73276455026458,0.0,0.0,0.20689655172413793,1.0,0.0
scale_lognormal_full_geometry,rf,real_external,Vestfold,39.86013986013986,68.26889987944226,286,28.408760019302388,27.46173280423281,0.8524212988986575,0.8018674242424244,30.575552480840194,-1.1773892696919774,28.408760019302388,27.46173280423281,43.9689114820365,46.79677185083432,56.07261243386243,0.0,0.0,0.2937062937062937,1.0,0.0
scale_lognormal_full_geometry,xgb,real_external,Kongsberg,27.295566502463053,64.96437822539231,203,37.668811722929256,38.62351989746094,1.627446485709264,1.453437296549479,42.33087780850931,-7.234576048751487,37.668811722929256,38.62351989746094,63.914781188964845,67.94086608886717,75.4715805053711,0.0,0.009852216748768473,0.31527093596059114,1.0,0.0
scale_lognormal_full_geometry,xgb,real_external,Vestfold,39.86013986013986,63.20713538056487,286,23.364025556124172,20.37158966064453,0.721666990353984,0.6313184969352954,26.226613663835042,-0.6020345929405371,23.34699552042501,20.37158966064453,40.52713394165039,44.45614242553711,54.96397399902344,0.02097902097902098,0.08041958041958042,0.4825174825174825,0.9965034965034965,0.0034965034965034965
scale_lognormal_reduced_geometry,blend,real_external,Kongsberg,27.295566502463053,61.31418241996152,203,34.018615917498465,36.14000731511193,1.5673354849778403,1.4159277228506586,36.995220428932186,-5.289526256278856,34.018615917498465,36.14000731511193,52.20345283825748,56.62029779761474,67.0663629608445,0.0,0.0,0.27586206896551724,1.0,0.0
scale_lognormal_reduced_geometry,blend,real_external,Vestfold,39.86013986013986,62.45998265676021,286,22.633922043411943,21.383898929947147,0.7402152745589832,0.622333692206212,24.672189710907908,-0.41776040581612683,22.599842796620354,21.383898929947147,36.65897394819311,39.92083893264044,55.626714440724214,0.006993006993006993,0.04195804195804196,0.4405594405594406,0.9965034965034965,0.0034965034965034965
scale_lognormal_reduced_geometry,rf,real_external,Kongsberg,27.295566502463053,63.047337891585634,203,35.75177138912259,37.72908097458096,1.6801841762990612,1.4624488196988188,38.537363837596054,-5.82481215370201,35.75177138912259,37.72908097458096,54.72546380471384,58.35994155844151,68.31338095238095,0.0,0.0,0.2561576354679803,1.0,0.0
scale_lognormal_reduced_geometry,rf,real_external,Vestfold,39.86013986013986,62.784841652731714,286,22.934977952868014,21.057792207792215,0.7452848034874643,0.6423279800166164,24.929718764574513,-0.4475121252983254,22.924701792591854,21.057792207792215,37.579054232804246,40.45669823232327,53.73829365079365,0.0034965034965034965,0.02097902097902098,0.4370629370629371,0.9965034965034965,0.0034965034965034965
scale_lognormal_reduced_geometry,xgb,real_external,Kongsberg,27.295566502463053,59.95241740654255,203,32.65685090407949,34.75212097167969,1.4786686560825948,1.3406030654907226,35.837424483526455,-4.902014572130792,32.65685090407949,34.75212097167969,50.81327362060547,55.79780883789062,66.08656311035156,0.0,0.0049261083743842365,0.2955665024630542,1.0,0.0
scale_lognormal_reduced_geometry,xgb,real_external,Vestfold,39.86013986013986,62.20473630278261,286,22.397378114553597,21.391437530517578,0.7362320732580336,0.5885142546433668,24.55088500236034,-0.4038533931875026,22.344596442642747,21.391437530517578,36.42155075073242,39.241676330566406,57.1104736328125,0.0034965034965034965,0.08741258741258741,0.45454545454545453,0.9965034965034965,0.0034965034965034965
scale_uniform_040_140_full_geometry,blend,real_external,Kongsberg,27.295566502463053,61.66365617892476,203,34.36808967646171,32.10626808416781,1.5552576035494283,1.376928995822482,37.90373120910557,-5.602229596029835,34.36808967646171,32.10626808416781,57.3720860693101,60.88703763077671,69.42972751619855,0.0,0.0,0.2955665024630542,1.0,0.0
scale_uniform_040_140_full_geometry,blend,real_external,Vestfold,39.86013986013986,59.59616501499029,286,19.80370343382452,17.051477660034827,0.609805834842693,0.5224043648178841,22.147010094161367,-0.14239859192823223,19.73602515485043,17.051477660034827,34.8260631555628,37.663735964465275,46.79207694860388,0.006993006993006993,0.17132867132867133,0.5874125874125874,0.9965034965034965,0.0034965034965034965
scale_uniform_040_140_full_geometry,rf,real_external,Kongsberg,27.295566502463053,63.994549920394064,203,36.698983417931,36.64868807118807,1.662186063162118,1.464885560206989,39.91535529833398,-6.321611736844486,36.698983417931,36.64868807118807,58.86175685425688,62.22058399470899,68.780291005291,0.0,0.0,0.22660098522167488,1.0,0.0
scale_uniform_040_140_full_geometry,rf,real_external,Vestfold,39.86013986013986,59.91744219213189,286,20.057302331992023,17.067207792207782,0.6214870623083144,0.5329524470899474,22.145725839326055,-0.14226610556808694,20.057302331992023,17.067207792207782,34.86327741702743,37.518832671957696,43.508544973545014,0.0034965034965034965,0.055944055944055944,0.5874125874125874,1.0,0.0
scale_uniform_040_140_full_geometry,xgb,real_external,Kongsberg,27.295566502463053,59.83223966777031,203,32.536673165307256,30.33871078491211,1.4712423852823142,1.3117203182644315,36.44550372613999,-5.104001196892214,32.536673165307256,30.33871078491211,56.56355438232422,59.73955612182617,71.8702163696289,0.0,0.009852216748768473,0.33497536945812806,1.0,0.0
scale_uniform_040_140_full_geometry,xgb,real_external,Vestfold,39.86013986013986,59.34373294723618,286,19.631255429941458,16.76340103149414,0.601016305704182,0.5068242645263672,22.30859550853986,-0.15912937002471228,19.483593087096313,16.71316146850586,35.85981750488281,38.564165115356445,52.38939666748047,0.013986013986013986,0.1993006993006993,0.5909090909090909,0.993006993006993,0.006993006993006993
scale_uniform_040_140_reduced_geometry,blend,real_external,Kongsberg,27.295566502463053,57.23588883021242,203,29.940322327749367,27.671692383522966,1.39662517919555,1.2145168240081954,32.789832488833675,-3.9408889380168324,29.940322327749367,27.671692383522966,48.47068540792222,52.318600490800165,63.3051104871962,0.0,0.0,0.32019704433497537,1.0,0.0
scale_uniform_040_140_reduced_geometry,blend,real_external,Vestfold,39.86013986013986,57.032803810336,286,17.271679509381965,15.898696885979867,0.5922016334156194,0.49337488754111,19.000966343955454,0.15911069406337153,17.172663950196142,15.898696885979867,27.546758908987385,32.927184897157375,42.18355365226488,0.027972027972027972,0.19230769230769232,0.6538461538461539,0.993006993006993,0.006993006993006993
scale_uniform_040_140_reduced_geometry,rf,real_external,Kongsberg,27.295566502463053,58.430791640717835,203,31.135225138254786,28.8718783068783,1.5017443594633593,1.2437129629629635,33.70420477180092,-4.220292829910621,31.135225138254786,28.8718783068783,48.688907755499855,51.64694444444445,64.80126262626264,0.0,0.0,0.2857142857142857,1.0,0.0
scale_uniform_040_140_reduced_geometry,rf,real_external,Vestfold,39.86013986013986,57.820640635148536,286,18.044026281488726,16.43498015873016,0.6242061245217044,0.5082952569916859,19.64680822492221,0.1009756310501283,17.960500775008676,16.43498015873016,28.633373316498314,33.74491250248796,39.47924846839318,0.017482517482517484,0.11188811188811189,0.6258741258741258,0.9965034965034965,0.0034965034965034965
scale_uniform_040_140_reduced_geometry,xgb,real_external,Kongsberg,27.295566502463053,56.29703662195816,203,29.00147011949511,27.73947525024414,1.3140315375565568,1.1500616073608398,32.135379021631245,-3.7456264396247416,29.00147011949511,27.73947525024414,48.28239135742187,52.12308502197265,62.12956237792969,0.0,0.029556650246305417,0.3251231527093596,1.0,0.0
scale_uniform_040_140_reduced_geometry,xgb,real_external,Vestfold,39.86013986013986,56.413789162269005,286,16.67009253601928,14.958978652954102,0.567136123223582,0.4730382283528646,18.602974213479353,0.19396811847510376,16.553649302129145,14.958978652954102,27.358360290527344,33.017574310302734,44.30836486816406,0.038461538461538464,0.24125874125874125,0.6818181818181818,0.993006993006993,0.006993006993006993
scale_uniform_060_140_full_geometry,blend,real_external,Kongsberg,27.295566502463053,66.29162048683506,203,38.996053984372004,39.596072733353864,1.699877261674324,1.5119672098029753,43.00960659427162,-7.5007576712929005,38.996053984372004,39.596072733353864,64.12741984111484,67.22855497124566,79.15301607491628,0.0,0.0,0.2413793103448276,1.0,0.0
scale_uniform_060_140_full_geometry,blend,real_external,Vestfold,39.86013986013986,63.26955400374139,286,23.409414143601524,20.556818800492508,0.7019757754058431,0.6102015562603538,26.323619681332907,-0.6139076013694351,23.409414143601524,20.556818800492508,40.223600379322214,47.59142417121361,57.58933055788073,0.0034965034965034965,0.06993006993006994,0.4825174825174825,1.0,0.0
scale_uniform_060_140_full_geometry,rf,real_external,Kongsberg,27.295566502463053,69.35605960538791,203,42.060493102924866,44.44441590086329,1.8373896931442386,1.6887248677248685,45.77241307100889,-8.627960789858637,42.060493102924866,44.44441590086329,65.27512433862434,68.91521362433859,76.62464285714283,0.0,0.0,0.21674876847290642,1.0,0.0
scale_uniform_060_140_full_geometry,rf,real_external,Vestfold,39.86013986013986,64.64367694334669,286,24.783537083206834,22.07821097883597,0.727015041480911,0.6496468253968255,27.42653961889115,-0.7519813752268416,24.783537083206834,22.07821097883597,41.82811251920127,46.20371362433859,54.46242063492066,0.0,0.017482517482517484,0.4370629370629371,1.0,0.0
scale_uniform_060_140_full_geometry,xgb,real_external,Kongsberg,27.295566502463053,63.88384689368638,203,36.58828039122332,36.08015441894531,1.591831779805105,1.3882167053222656,40.9666426550507,-6.712362655683285,36.58828039122332,36.08015441894531,63.07242889404297,66.7411605834961,81.13959503173828,0.0,0.0,0.28078817733990147,1.0,0.0
scale_uniform_060_140_full_geometry,xgb,real_external,Vestfold,39.86013986013986,62.189885979765776,286,22.32974611962592,20.091768264770508,0.682302066346861,0.5663032054901123,25.596938105622147,-0.5260314657045728,22.32974611962592,20.091768264770508,39.796024322509766,49.2760009765625,60.04618835449219,0.006993006993006993,0.15384615384615385,0.4965034965034965,1.0,0.0
