"category","file","source","notes"
"existing_attempt9_final_depthpro","C:\Users\noams\OneDrive\Desktop\school\final project\Z_Drone_Final_Project_GA\forLior\existing_attempt9_final_depthpro\attempt9_depthpro_condition_mae.svg","C:\Users\noams\OneDrive\Desktop\school\final project\Z_Drone_Final_Project_GA\attempts\attempt9\study_all\artifacts_merged_complete\plots\attempt9_depthpro_condition_mae.svg","Copied final synthetic DepthPro plots from attempt9"
"existing_attempt9_final_depthpro","C:\Users\noams\OneDrive\Desktop\school\final project\Z_Drone_Final_Project_GA\forLior\existing_attempt9_final_depthpro\attempt9_depthpro_cv_vs_test_mae.svg","C:\Users\noams\OneDrive\Desktop\school\final project\Z_Drone_Final_Project_GA\attempts\attempt9\study_all\artifacts_merged_complete\plots\attempt9_depthpro_cv_vs_test_mae.svg","Copied final synthetic DepthPro plots from attempt9"
"existing_attempt9_final_depthpro","C:\Users\noams\OneDrive\Desktop\school\final project\Z_Drone_Final_Project_GA\forLior\existing_attempt9_final_depthpro\attempt9_depthpro_distance_range_heatmap.svg","C:\Users\noams\OneDrive\Desktop\school\final project\Z_Drone_Final_Project_GA\attempts\attempt9\study_all\artifacts_merged_complete\plots\attempt9_depthpro_distance_range_heatmap.svg","Copied final synthetic DepthPro plots from attempt9"
"existing_attempt9_final_depthpro","C:\Users\noams\OneDrive\Desktop\school\final project\Z_Drone_Final_Project_GA\forLior\existing_attempt9_final_depthpro\attempt9_depthpro_test_mae_ranking.svg","C:\Users\noams\OneDrive\Desktop\school\final project\Z_Drone_Final_Project_GA\attempts\attempt9\study_all\artifacts_merged_complete\plots\attempt9_depthpro_test_mae_ranking.svg","Copied final synthetic DepthPro plots from attempt9"
"existing_attempt9_final_depthpro","C:\Users\noams\OneDrive\Desktop\school\final project\Z_Drone_Final_Project_GA\forLior\existing_attempt9_final_depthpro\attempt9_depthpro_test_r2_ranking.svg","C:\Users\noams\OneDrive\Desktop\school\final project\Z_Drone_Final_Project_GA\attempts\attempt9\study_all\artifacts_merged_complete\plots\attempt9_depthpro_test_r2_ranking.svg","Copied final synthetic DepthPro plots from attempt9"
"existing_attempt9_final_depthpro","C:\Users\noams\OneDrive\Desktop\school\final project\Z_Drone_Final_Project_GA\forLior\existing_attempt9_final_depthpro\attempt9_depthpro_top_models_exact_distance.svg","C:\Users\noams\OneDrive\Desktop\school\final project\Z_Drone_Final_Project_GA\attempts\attempt9\study_all\artifacts_merged_complete\plots\attempt9_depthpro_top_models_exact_distance.svg","Copied final synthetic DepthPro plots from attempt9"
"existing_attempt9_final_depthpro","C:\Users\noams\OneDrive\Desktop\school\final project\Z_Drone_Final_Project_GA\forLior\existing_attempt9_final_depthpro\poster_all_models_mae_by_true_distance.svg","C:\Users\noams\OneDrive\Desktop\school\final project\Z_Drone_Final_Project_GA\attempts\attempt9\study_all\artifacts_merged_complete\plots\poster_all_models_mae_by_true_distance.svg","Copied final synthetic DepthPro plots from attempt9"
"existing_attempt9_final_depthpro","C:\Users\noams\OneDrive\Desktop\school\final project\Z_Drone_Final_Project_GA\forLior\existing_attempt9_final_depthpro\poster_all_models_mae_by_true_distance_zoomed.svg","C:\Users\noams\OneDrive\Desktop\school\final project\Z_Drone_Final_Project_GA\attempts\attempt9\study_all\artifacts_merged_complete\plots\poster_all_models_mae_by_true_distance_zoomed.svg","Copied final synthetic DepthPro plots from attempt9"
"existing_attempt9_final_depthpro","C:\Users\noams\OneDrive\Desktop\school\final project\Z_Drone_Final_Project_GA\forLior\existing_attempt9_final_depthpro\poster_all_models_relative_error_by_true_distance.svg","C:\Users\noams\OneDrive\Desktop\school\final project\Z_Drone_Final_Project_GA\attempts\attempt9\study_all\artifacts_merged_complete\plots\poster_all_models_relative_error_by_true_distance.svg","Copied final synthetic DepthPro plots from attempt9"
"existing_attempt9_final_depthpro","C:\Users\noams\OneDrive\Desktop\school\final project\Z_Drone_Final_Project_GA\forLior\existing_attempt9_final_depthpro\poster_best_model_mae_by_true_distance_bars.svg","C:\Users\noams\OneDrive\Desktop\school\final project\Z_Drone_Final_Project_GA\attempts\attempt9\study_all\artifacts_merged_complete\plots\poster_best_model_mae_by_true_distance_bars.svg","Copied final synthetic DepthPro plots from attempt9"
"existing_attempt9_final_depthpro","C:\Users\noams\OneDrive\Desktop\school\final project\Z_Drone_Final_Project_GA\forLior\existing_attempt9_final_depthpro\poster_cv_test_generalization_gap.svg","C:\Users\noams\OneDrive\Desktop\school\final project\Z_Drone_Final_Project_GA\attempts\attempt9\study_all\artifacts_merged_complete\plots\poster_cv_test_generalization_gap.svg","Copied final synthetic DepthPro plots from attempt9"
"existing_attempt9_final_depthpro","C:\Users\noams\OneDrive\Desktop\school\final project\Z_Drone_Final_Project_GA\forLior\existing_attempt9_final_depthpro\poster_distance_band_mae_heatmap.svg","C:\Users\noams\OneDrive\Desktop\school\final project\Z_Drone_Final_Project_GA\attempts\attempt9\study_all\artifacts_merged_complete\plots\poster_distance_band_mae_heatmap.svg","Copied final synthetic DepthPro plots from attempt9"
"existing_attempt9_final_depthpro","C:\Users\noams\OneDrive\Desktop\school\final project\Z_Drone_Final_Project_GA\forLior\existing_attempt9_final_depthpro\poster_mean_relative_error_major_models.svg","C:\Users\noams\OneDrive\Desktop\school\final project\Z_Drone_Final_Project_GA\attempts\attempt9\study_all\artifacts_merged_complete\plots\poster_mean_relative_error_major_models.svg","Copied final synthetic DepthPro plots from attempt9"
"existing_attempt9_final_depthpro","C:\Users\noams\OneDrive\Desktop\school\final project\Z_Drone_Final_Project_GA\forLior\existing_attempt9_final_depthpro\poster_test_mae_worst_to_best.svg","C:\Users\noams\OneDrive\Desktop\school\final project\Z_Drone_Final_Project_GA\attempts\attempt9\study_all\artifacts_merged_complete\plots\poster_test_mae_worst_to_best.svg","Copied final synthetic DepthPro plots from attempt9"
"existing_attempt9_final_depthpro","C:\Users\noams\OneDrive\Desktop\school\final project\Z_Drone_Final_Project_GA\forLior\existing_attempt9_final_depthpro\poster_within_10m_worst_to_best.svg","C:\Users\noams\OneDrive\Desktop\school\final project\Z_Drone_Final_Project_GA\attempts\attempt9\study_all\artifacts_merged_complete\plots\poster_within_10m_worst_to_best.svg","Copied final synthetic DepthPro plots from attempt9"
"existing_attempt9_final_depthpro","C:\Users\noams\OneDrive\Desktop\school\final project\Z_Drone_Final_Project_GA\forLior\existing_attempt9_final_depthpro\benchmark_rows_by_true_distance.png","C:\Users\noams\OneDrive\Desktop\school\final project\Z_Drone_Final_Project_GA\attempts\attempt9\study_all\artifacts_merged_complete\reports\figures\benchmark_rows_by_true_distance.png","Copied final synthetic PNG figures from attempt9"
"existing_attempt9_final_depthpro","C:\Users\noams\OneDrive\Desktop\school\final project\Z_Drone_Final_Project_GA\forLior\existing_attempt9_final_depthpro\blend_search_oof_mae.png","C:\Users\noams\OneDrive\Desktop\school\final project\Z_Drone_Final_Project_GA\attempts\attempt9\study_all\artifacts_merged_complete\reports\figures\blend_search_oof_mae.png","Copied final synthetic PNG figures from attempt9"
"existing_attempt9_final_depthpro","C:\Users\noams\OneDrive\Desktop\school\final project\Z_Drone_Final_Project_GA\forLior\existing_attempt9_final_depthpro\candidate_cv_mae_summary.png","C:\Users\noams\OneDrive\Desktop\school\final project\Z_Drone_Final_Project_GA\attempts\attempt9\study_all\artifacts_merged_complete\reports\figures\candidate_cv_mae_summary.png","Copied final synthetic PNG figures from attempt9"
"existing_attempt9_final_depthpro","C:\Users\noams\OneDrive\Desktop\school\final project\Z_Drone_Final_Project_GA\forLior\existing_attempt9_final_depthpro\poster_cv_vs_test_mae.png","C:\Users\noams\OneDrive\Desktop\school\final project\Z_Drone_Final_Project_GA\attempts\attempt9\study_all\artifacts_merged_complete\reports\figures\poster_cv_vs_test_mae.png","Copied final synthetic PNG figures from attempt9"
"existing_attempt9_final_depthpro","C:\Users\noams\OneDrive\Desktop\school\final project\Z_Drone_Final_Project_GA\forLior\existing_attempt9_final_depthpro\poster_test_mae_by_distance_range.png","C:\Users\noams\OneDrive\Desktop\school\final project\Z_Drone_Final_Project_GA\attempts\attempt9\study_all\artifacts_merged_complete\reports\figures\poster_test_mae_by_distance_range.png","Copied final synthetic PNG figures from attempt9"
"existing_attempt9_final_depthpro","C:\Users\noams\OneDrive\Desktop\school\final project\Z_Drone_Final_Project_GA\forLior\existing_attempt9_final_depthpro\poster_test_mae_by_true_distance.png","C:\Users\noams\OneDrive\Desktop\school\final project\Z_Drone_Final_Project_GA\attempts\attempt9\study_all\artifacts_merged_complete\reports\figures\poster_test_mae_by_true_distance.png","Copied final synthetic PNG figures from attempt9"
"existing_attempt9_final_depthpro","C:\Users\noams\OneDrive\Desktop\school\final project\Z_Drone_Final_Project_GA\forLior\existing_attempt9_final_depthpro\poster_test_mae_ranking.png","C:\Users\noams\OneDrive\Desktop\school\final project\Z_Drone_Final_Project_GA\attempts\attempt9\study_all\artifacts_merged_complete\reports\figures\poster_test_mae_ranking.png","Copied final synthetic PNG figures from attempt9"
"existing_attempt9_final_depthpro","C:\Users\noams\OneDrive\Desktop\school\final project\Z_Drone_Final_Project_GA\forLior\existing_attempt9_final_depthpro\poster_test_predicted_vs_true.png","C:\Users\noams\OneDrive\Desktop\school\final project\Z_Drone_Final_Project_GA\attempts\attempt9\study_all\artifacts_merged_complete\reports\figures\poster_test_predicted_vs_true.png","Copied final synthetic PNG figures from attempt9"
"existing_attempt8_synthetic","C:\Users\noams\OneDrive\Desktop\school\final project\Z_Drone_Final_Project_GA\forLior\existing_attempt8_synthetic\attempt8_ensemble_feature_pipeline.svg","C:\Users\noams\OneDrive\Desktop\school\final project\Z_Drone_Final_Project_GA\attempts\attempt8-comprehensive run\studies\study_all\artifacts\plots\attempt8_ensemble_feature_pipeline.svg","Copied synthetic result plots from attempt8"
"existing_attempt8_synthetic","C:\Users\noams\OneDrive\Desktop\school\final project\Z_Drone_Final_Project_GA\forLior\existing_attempt8_synthetic\attempt8_top_depth_features.svg","C:\Users\noams\OneDrive\Desktop\school\final project\Z_Drone_Final_Project_GA\attempts\attempt8-comprehensive run\studies\study_all\artifacts\plots\attempt8_top_depth_features.svg","Copied synthetic result plots from attempt8"
"existing_attempt8_synthetic","C:\Users\noams\OneDrive\Desktop\school\final project\Z_Drone_Final_Project_GA\forLior\existing_attempt8_synthetic\final_ensemble_weather_time_mae_heatmap.svg","C:\Users\noams\OneDrive\Desktop\school\final project\Z_Drone_Final_Project_GA\attempts\attempt8-comprehensive run\studies\study_all\artifacts\plots\final_ensemble_weather_time_mae_heatmap.svg","Copied synthetic result plots from attempt8"
"existing_attempt8_synthetic","C:\Users\noams\OneDrive\Desktop\school\final project\Z_Drone_Final_Project_GA\forLior\existing_attempt8_synthetic\poster_all_models_mae_by_true_distance.svg","C:\Users\noams\OneDrive\Desktop\school\final project\Z_Drone_Final_Project_GA\attempts\attempt8-comprehensive run\studies\study_all\artifacts\plots\poster_all_models_mae_by_true_distance.svg","Copied synthetic result plots from attempt8"
"existing_attempt8_synthetic","C:\Users\noams\OneDrive\Desktop\school\final project\Z_Drone_Final_Project_GA\forLior\existing_attempt8_synthetic\poster_all_models_mae_by_true_distance_zoomed.svg","C:\Users\noams\OneDrive\Desktop\school\final project\Z_Drone_Final_Project_GA\attempts\attempt8-comprehensive run\studies\study_all\artifacts\plots\poster_all_models_mae_by_true_distance_zoomed.svg","Copied synthetic result plots from attempt8"
"existing_attempt8_synthetic","C:\Users\noams\OneDrive\Desktop\school\final project\Z_Drone_Final_Project_GA\forLior\existing_attempt8_synthetic\poster_all_models_relative_error_by_true_distance.svg","C:\Users\noams\OneDrive\Desktop\school\final project\Z_Drone_Final_Project_GA\attempts\attempt8-comprehensive run\studies\study_all\artifacts\plots\poster_all_models_relative_error_by_true_distance.svg","Copied synthetic result plots from attempt8"
"existing_attempt8_synthetic","C:\Users\noams\OneDrive\Desktop\school\final project\Z_Drone_Final_Project_GA\forLior\existing_attempt8_synthetic\poster_best_model_mae_by_true_distance_bars.svg","C:\Users\noams\OneDrive\Desktop\school\final project\Z_Drone_Final_Project_GA\attempts\attempt8-comprehensive run\studies\study_all\artifacts\plots\poster_best_model_mae_by_true_distance_bars.svg","Copied synthetic result plots from attempt8"
"existing_attempt8_synthetic","C:\Users\noams\OneDrive\Desktop\school\final project\Z_Drone_Final_Project_GA\forLior\existing_attempt8_synthetic\poster_cv_test_generalization_gap.svg","C:\Users\noams\OneDrive\Desktop\school\final project\Z_Drone_Final_Project_GA\attempts\attempt8-comprehensive run\studies\study_all\artifacts\plots\poster_cv_test_generalization_gap.svg","Copied synthetic result plots from attempt8"
"existing_attempt8_synthetic","C:\Users\noams\OneDrive\Desktop\school\final project\Z_Drone_Final_Project_GA\forLior\existing_attempt8_synthetic\poster_distance_band_mae_heatmap.svg","C:\Users\noams\OneDrive\Desktop\school\final project\Z_Drone_Final_Project_GA\attempts\attempt8-comprehensive run\studies\study_all\artifacts\plots\poster_distance_band_mae_heatmap.svg","Copied synthetic result plots from attempt8"
"existing_attempt8_synthetic","C:\Users\noams\OneDrive\Desktop\school\final project\Z_Drone_Final_Project_GA\forLior\existing_attempt8_synthetic\poster_mean_relative_error_major_models.svg","C:\Users\noams\OneDrive\Desktop\school\final project\Z_Drone_Final_Project_GA\attempts\attempt8-comprehensive run\studies\study_all\artifacts\plots\poster_mean_relative_error_major_models.svg","Copied synthetic result plots from attempt8"
"existing_attempt8_synthetic","C:\Users\noams\OneDrive\Desktop\school\final project\Z_Drone_Final_Project_GA\forLior\existing_attempt8_synthetic\poster_test_mae_worst_to_best.svg","C:\Users\noams\OneDrive\Desktop\school\final project\Z_Drone_Final_Project_GA\attempts\attempt8-comprehensive run\studies\study_all\artifacts\plots\poster_test_mae_worst_to_best.svg","Copied synthetic result plots from attempt8"
"existing_attempt8_synthetic","C:\Users\noams\OneDrive\Desktop\school\final project\Z_Drone_Final_Project_GA\forLior\existing_attempt8_synthetic\poster_within_10m_worst_to_best.svg","C:\Users\noams\OneDrive\Desktop\school\final project\Z_Drone_Final_Project_GA\attempts\attempt8-comprehensive run\studies\study_all\artifacts\plots\poster_within_10m_worst_to_best.svg","Copied synthetic result plots from attempt8"
"existing_attempt8_real_calibration","C:\Users\noams\OneDrive\Desktop\school\final project\Z_Drone_Final_Project_GA\forLior\existing_attempt8_real_calibration\absolute_error_cdf_before_after.png","C:\Users\noams\OneDrive\Desktop\school\final project\Z_Drone_Final_Project_GA\attempts\attempt8-comprehensive run\studies\study02\artifacts\plots\absolute_error_cdf_before_after.png","Copied real calibration plots from attempt8 study02"
"existing_attempt8_real_calibration","C:\Users\noams\OneDrive\Desktop\school\final project\Z_Drone_Final_Project_GA\forLior\existing_attempt8_real_calibration\attempt8_quadratic_calibration_story.svg","C:\Users\noams\OneDrive\Desktop\school\final project\Z_Drone_Final_Project_GA\attempts\attempt8-comprehensive run\studies\study02\artifacts\plots\attempt8_quadratic_calibration_story.svg","Copied real calibration plots from attempt8 study02"
"existing_attempt8_real_calibration","C:\Users\noams\OneDrive\Desktop\school\final project\Z_Drone_Final_Project_GA\forLior\existing_attempt8_real_calibration\calibration_mapping_curve.png","C:\Users\noams\OneDrive\Desktop\school\final project\Z_Drone_Final_Project_GA\attempts\attempt8-comprehensive run\studies\study02\artifacts\plots\calibration_mapping_curve.png","Copied real calibration plots from attempt8 study02"
"existing_attempt8_real_calibration","C:\Users\noams\OneDrive\Desktop\school\final project\Z_Drone_Final_Project_GA\forLior\existing_attempt8_real_calibration\calibration_split_performance.png","C:\Users\noams\OneDrive\Desktop\school\final project\Z_Drone_Final_Project_GA\attempts\attempt8-comprehensive run\studies\study02\artifacts\plots\calibration_split_performance.png","Copied real calibration plots from attempt8 study02"
"existing_attempt8_real_calibration","C:\Users\noams\OneDrive\Desktop\school\final project\Z_Drone_Final_Project_GA\forLior\existing_attempt8_real_calibration\comparison_by_drone_type_vs_attempt5.png","C:\Users\noams\OneDrive\Desktop\school\final project\Z_Drone_Final_Project_GA\attempts\attempt8-comprehensive run\studies\study02\artifacts\plots\comparison_by_drone_type_vs_attempt5.png","Copied real calibration plots from attempt8 study02"
"existing_attempt8_real_calibration","C:\Users\noams\OneDrive\Desktop\school\final project\Z_Drone_Final_Project_GA\forLior\existing_attempt8_real_calibration\comparison_calibration_models_20pct_vs_attempt5.png","C:\Users\noams\OneDrive\Desktop\school\final project\Z_Drone_Final_Project_GA\attempts\attempt8-comprehensive run\studies\study02\artifacts\plots\comparison_calibration_models_20pct_vs_attempt5.png","Copied real calibration plots from attempt8 study02"
"existing_attempt8_real_calibration","C:\Users\noams\OneDrive\Desktop\school\final project\Z_Drone_Final_Project_GA\forLior\existing_attempt8_real_calibration\comparison_overall_mae_vs_attempt5.png","C:\Users\noams\OneDrive\Desktop\school\final project\Z_Drone_Final_Project_GA\attempts\attempt8-comprehensive run\studies\study02\artifacts\plots\comparison_overall_mae_vs_attempt5.png","Copied real calibration plots from attempt8 study02"
"existing_attempt8_real_calibration","C:\Users\noams\OneDrive\Desktop\school\final project\Z_Drone_Final_Project_GA\forLior\existing_attempt8_real_calibration\comparison_selected_calibration_fraction_track_vs_attempt5.png","C:\Users\noams\OneDrive\Desktop\school\final project\Z_Drone_Final_Project_GA\attempts\attempt8-comprehensive run\studies\study02\artifacts\plots\comparison_selected_calibration_fraction_track_vs_attempt5.png","Copied real calibration plots from attempt8 study02"
"existing_attempt8_real_calibration","C:\Users\noams\OneDrive\Desktop\school\final project\Z_Drone_Final_Project_GA\forLior\existing_attempt8_real_calibration\error_distribution_before_after.png","C:\Users\noams\OneDrive\Desktop\school\final project\Z_Drone_Final_Project_GA\attempts\attempt8-comprehensive run\studies\study02\artifacts\plots\error_distribution_before_after.png","Copied real calibration plots from attempt8 study02"
"existing_attempt8_real_calibration","C:\Users\noams\OneDrive\Desktop\school\final project\Z_Drone_Final_Project_GA\forLior\existing_attempt8_real_calibration\final_calibrated_mae_by_distance.png","C:\Users\noams\OneDrive\Desktop\school\final project\Z_Drone_Final_Project_GA\attempts\attempt8-comprehensive run\studies\study02\artifacts\plots\final_calibrated_mae_by_distance.png","Copied real calibration plots from attempt8 study02"
"existing_attempt8_real_calibration","C:\Users\noams\OneDrive\Desktop\school\final project\Z_Drone_Final_Project_GA\forLior\existing_attempt8_real_calibration\final_calibrated_predicted_vs_true.png","C:\Users\noams\OneDrive\Desktop\school\final project\Z_Drone_Final_Project_GA\attempts\attempt8-comprehensive run\studies\study02\artifacts\plots\final_calibrated_predicted_vs_true.png","Copied real calibration plots from attempt8 study02"
"existing_attempt8_real_calibration","C:\Users\noams\OneDrive\Desktop\school\final project\Z_Drone_Final_Project_GA\forLior\existing_attempt8_real_calibration\mae_before_after_by_distance.png","C:\Users\noams\OneDrive\Desktop\school\final project\Z_Drone_Final_Project_GA\attempts\attempt8-comprehensive run\studies\study02\artifacts\plots\mae_before_after_by_distance.png","Copied real calibration plots from attempt8 study02"
"existing_attempt8_real_calibration","C:\Users\noams\OneDrive\Desktop\school\final project\Z_Drone_Final_Project_GA\forLior\existing_attempt8_real_calibration\mae_before_after_by_drone_type.png","C:\Users\noams\OneDrive\Desktop\school\final project\Z_Drone_Final_Project_GA\attempts\attempt8-comprehensive run\studies\study02\artifacts\plots\mae_before_after_by_drone_type.png","Copied real calibration plots from attempt8 study02"
"existing_attempt8_real_calibration","C:\Users\noams\OneDrive\Desktop\school\final project\Z_Drone_Final_Project_GA\forLior\existing_attempt8_real_calibration\mae_vs_rmse_calibration_summary.png","C:\Users\noams\OneDrive\Desktop\school\final project\Z_Drone_Final_Project_GA\attempts\attempt8-comprehensive run\studies\study02\artifacts\plots\mae_vs_rmse_calibration_summary.png","Copied real calibration plots from attempt8 study02"
"existing_attempt8_real_calibration","C:\Users\noams\OneDrive\Desktop\school\final project\Z_Drone_Final_Project_GA\forLior\existing_attempt8_real_calibration\mean_prediction_tracks_by_distance.png","C:\Users\noams\OneDrive\Desktop\school\final project\Z_Drone_Final_Project_GA\attempts\attempt8-comprehensive run\studies\study02\artifacts\plots\mean_prediction_tracks_by_distance.png","Copied real calibration plots from attempt8 study02"
"existing_attempt8_real_calibration","C:\Users\noams\OneDrive\Desktop\school\final project\Z_Drone_Final_Project_GA\forLior\existing_attempt8_real_calibration\metadata_missing_one_hot_audit.png","C:\Users\noams\OneDrive\Desktop\school\final project\Z_Drone_Final_Project_GA\attempts\attempt8-comprehensive run\studies\study02\artifacts\plots\metadata_missing_one_hot_audit.png","Copied real calibration plots from attempt8 study02"
"existing_attempt8_real_calibration","C:\Users\noams\OneDrive\Desktop\school\final project\Z_Drone_Final_Project_GA\forLior\existing_attempt8_real_calibration\poster_before_after_per_drone_calibration_mae.png","C:\Users\noams\OneDrive\Desktop\school\final project\Z_Drone_Final_Project_GA\attempts\attempt8-comprehensive run\studies\study02\artifacts\plots\poster_before_after_per_drone_calibration_mae.png","Copied real calibration plots from attempt8 study02"
"existing_attempt8_real_calibration","C:\Users\noams\OneDrive\Desktop\school\final project\Z_Drone_Final_Project_GA\forLior\existing_attempt8_real_calibration\poster_before_after_per_drone_calibration_mae.svg","C:\Users\noams\OneDrive\Desktop\school\final project\Z_Drone_Final_Project_GA\attempts\attempt8-comprehensive run\studies\study02\artifacts\plots\poster_before_after_per_drone_calibration_mae.svg","Copied real calibration plots from attempt8 study02"
"existing_attempt8_real_calibration","C:\Users\noams\OneDrive\Desktop\school\final project\Z_Drone_Final_Project_GA\forLior\existing_attempt8_real_calibration\raw_kongsberg_mae_vs_distance.svg","C:\Users\noams\OneDrive\Desktop\school\final project\Z_Drone_Final_Project_GA\attempts\attempt8-comprehensive run\studies\study02\artifacts\plots\raw_kongsberg_mae_vs_distance.svg","Copied real calibration plots from attempt8 study02"
"existing_attempt8_real_calibration","C:\Users\noams\OneDrive\Desktop\school\final project\Z_Drone_Final_Project_GA\forLior\existing_attempt8_real_calibration\raw_kongsberg_mean_predictions_by_distance.svg","C:\Users\noams\OneDrive\Desktop\school\final project\Z_Drone_Final_Project_GA\attempts\attempt8-comprehensive run\studies\study02\artifacts\plots\raw_kongsberg_mean_predictions_by_distance.svg","Copied real calibration plots from attempt8 study02"
"existing_attempt8_real_calibration","C:\Users\noams\OneDrive\Desktop\school\final project\Z_Drone_Final_Project_GA\forLior\existing_attempt8_real_calibration\raw_vestfold_mae_vs_distance.svg","C:\Users\noams\OneDrive\Desktop\school\final project\Z_Drone_Final_Project_GA\attempts\attempt8-comprehensive run\studies\study02\artifacts\plots\raw_vestfold_mae_vs_distance.svg","Copied real calibration plots from attempt8 study02"
"existing_attempt8_real_calibration","C:\Users\noams\OneDrive\Desktop\school\final project\Z_Drone_Final_Project_GA\forLior\existing_attempt8_real_calibration\raw_vestfold_mean_predictions_by_distance.svg","C:\Users\noams\OneDrive\Desktop\school\final project\Z_Drone_Final_Project_GA\attempts\attempt8-comprehensive run\studies\study02\artifacts\plots\raw_vestfold_mean_predictions_by_distance.svg","Copied real calibration plots from attempt8 study02"
"existing_attempt8_real_calibration","C:\Users\noams\OneDrive\Desktop\school\final project\Z_Drone_Final_Project_GA\forLior\existing_attempt8_real_calibration\raw_vs_calibrated_predicted_vs_true.png","C:\Users\noams\OneDrive\Desktop\school\final project\Z_Drone_Final_Project_GA\attempts\attempt8-comprehensive run\studies\study02\artifacts\plots\raw_vs_calibrated_predicted_vs_true.png","Copied real calibration plots from attempt8 study02"
"existing_attempt8_real_calibration","C:\Users\noams\OneDrive\Desktop\school\final project\Z_Drone_Final_Project_GA\forLior\existing_attempt8_real_calibration\relative_error_before_after_by_distance.png","C:\Users\noams\OneDrive\Desktop\school\final project\Z_Drone_Final_Project_GA\attempts\attempt8-comprehensive run\studies\study02\artifacts\plots\relative_error_before_after_by_distance.png","Copied real calibration plots from attempt8 study02"
"existing_attempt8_real_calibration","C:\Users\noams\OneDrive\Desktop\school\final project\Z_Drone_Final_Project_GA\forLior\existing_attempt8_real_calibration\residuals_after_calibration.png","C:\Users\noams\OneDrive\Desktop\school\final project\Z_Drone_Final_Project_GA\attempts\attempt8-comprehensive run\studies\study02\artifacts\plots\residuals_after_calibration.png","Copied real calibration plots from attempt8 study02"
"existing_attempt8_real_calibration","C:\Users\noams\OneDrive\Desktop\school\final project\Z_Drone_Final_Project_GA\forLior\existing_attempt8_real_calibration\tolerance_rates_before_after.png","C:\Users\noams\OneDrive\Desktop\school\final project\Z_Drone_Final_Project_GA\attempts\attempt8-comprehensive run\studies\study02\artifacts\plots\tolerance_rates_before_after.png","Copied real calibration plots from attempt8 study02"
"existing_attempt8_real_calibration","C:\Users\noams\OneDrive\Desktop\school\final project\Z_Drone_Final_Project_GA\forLior\existing_attempt8_real_calibration\mae_by_distance.png","C:\Users\noams\OneDrive\Desktop\school\final project\Z_Drone_Final_Project_GA\attempts\attempt8-comprehensive run\studies\study01\artifacts\plots\mae_by_distance.png","Copied real uncalibrated plots from attempt8 study01"
"existing_attempt8_real_calibration","C:\Users\noams\OneDrive\Desktop\school\final project\Z_Drone_Final_Project_GA\forLior\existing_attempt8_real_calibration\mae_by_drone_type.png","C:\Users\noams\OneDrive\Desktop\school\final project\Z_Drone_Final_Project_GA\attempts\attempt8-comprehensive run\studies\study01\artifacts\plots\mae_by_drone_type.png","Copied real uncalibrated plots from attempt8 study01"
"existing_attempt8_real_calibration","C:\Users\noams\OneDrive\Desktop\school\final project\Z_Drone_Final_Project_GA\forLior\existing_attempt8_real_calibration\predicted_vs_true_by_drone_type.png","C:\Users\noams\OneDrive\Desktop\school\final project\Z_Drone_Final_Project_GA\attempts\attempt8-comprehensive run\studies\study01\artifacts\plots\predicted_vs_true_by_drone_type.png","Copied real uncalibrated plots from attempt8 study01"
"source_data","C:\Users\noams\OneDrive\Desktop\school\final project\Z_Drone_Final_Project_GA\forLior\source_data\attempt9_model_metrics.csv","C:\Users\noams\OneDrive\Desktop\school\final project\Z_Drone_Final_Project_GA\attempts\attempt9\study_all\artifacts_merged_complete\reports\model_metrics.csv","CSV/JSON/MD source used for generated charts"
"source_data","C:\Users\noams\OneDrive\Desktop\school\final project\Z_Drone_Final_Project_GA\forLior\source_data\attempt9_distance_range_metrics.csv","C:\Users\noams\OneDrive\Desktop\school\final project\Z_Drone_Final_Project_GA\attempts\attempt9\study_all\artifacts_merged_complete\reports\distance_range_metrics.csv","CSV/JSON/MD source used for generated charts"
"source_data","C:\Users\noams\OneDrive\Desktop\school\final project\Z_Drone_Final_Project_GA\forLior\source_data\attempt9_predictions.csv","C:\Users\noams\OneDrive\Desktop\school\final project\Z_Drone_Final_Project_GA\attempts\attempt9\study_all\artifacts_merged_complete\reports\predictions.csv","CSV/JSON/MD source used for generated charts"
"source_data","C:\Users\noams\OneDrive\Desktop\school\final project\Z_Drone_Final_Project_GA\forLior\source_data\attempt9_poster_model_table.csv","C:\Users\noams\OneDrive\Desktop\school\final project\Z_Drone_Final_Project_GA\attempts\attempt9\study_all\artifacts_merged_complete\reports\poster_model_table.csv","CSV/JSON/MD source used for generated charts"
"source_data","C:\Users\noams\OneDrive\Desktop\school\final project\Z_Drone_Final_Project_GA\forLior\source_data\attempt8_final_ensemble_weather_time_mae.csv","C:\Users\noams\OneDrive\Desktop\school\final project\Z_Drone_Final_Project_GA\attempts\attempt8-comprehensive run\studies\study_all\artifacts\reports\final_ensemble_weather_time_mae.csv","CSV/JSON/MD source used for generated charts"
"source_data","C:\Users\noams\OneDrive\Desktop\school\final project\Z_Drone_Final_Project_GA\forLior\source_data\attempt8_real_before_after_by_distance.csv","C:\Users\noams\OneDrive\Desktop\school\final project\Z_Drone_Final_Project_GA\attempts\attempt8-comprehensive run\studies\study02\artifacts\reports\before_after_by_distance.csv","CSV/JSON/MD source used for generated charts"
"source_data","C:\Users\noams\OneDrive\Desktop\school\final project\Z_Drone_Final_Project_GA\forLior\source_data\attempt8_real_before_after_by_drone_type.csv","C:\Users\noams\OneDrive\Desktop\school\final project\Z_Drone_Final_Project_GA\attempts\attempt8-comprehensive run\studies\study02\artifacts\reports\before_after_by_drone_type.csv","CSV/JSON/MD source used for generated charts"
"source_data","C:\Users\noams\OneDrive\Desktop\school\final project\Z_Drone_Final_Project_GA\forLior\source_data\attempt8_real_raw_uncalibrated_metrics.json","C:\Users\noams\OneDrive\Desktop\school\final project\Z_Drone_Final_Project_GA\attempts\attempt8-comprehensive run\studies\study02\artifacts\reports\raw_uncalibrated_metrics.json","CSV/JSON/MD source used for generated charts"
"source_data","C:\Users\noams\OneDrive\Desktop\school\final project\Z_Drone_Final_Project_GA\forLior\source_data\attempt8_real_final_calibrated_metrics.json","C:\Users\noams\OneDrive\Desktop\school\final project\Z_Drone_Final_Project_GA\attempts\attempt8-comprehensive run\studies\study02\artifacts\reports\final_calibrated_metrics.json","CSV/JSON/MD source used for generated charts"
"generated_summary_charts","C:\Users\noams\OneDrive\Desktop\school\final project\Z_Drone_Final_Project_GA\forLior\generated_summary_charts\synthetic_test_mae_by_model.png","attempt9 model_metrics.csv","Held-Out Test MAE by Model"
"generated_summary_charts","C:\Users\noams\OneDrive\Desktop\school\final project\Z_Drone_Final_Project_GA\forLior\generated_summary_charts\synthetic_test_rmse_by_model.png","attempt9 model_metrics.csv","Held-Out Test RMSE by Model"
"generated_summary_charts","C:\Users\noams\OneDrive\Desktop\school\final project\Z_Drone_Final_Project_GA\forLior\generated_summary_charts\synthetic_test_r2_by_model.png","attempt9 model_metrics.csv","Held-Out Test R2 by Model"
"generated_summary_charts","C:\Users\noams\OneDrive\Desktop\school\final project\Z_Drone_Final_Project_GA\forLior\generated_summary_charts\synthetic_test_within10_by_model.png","attempt9 model_metrics.csv","Test Predictions Within 10 m by Model"
"generated_summary_charts","C:\Users\noams\OneDrive\Desktop\school\final project\Z_Drone_Final_Project_GA\forLior\generated_summary_charts\synthetic_distance_band_mae_by_model.png","attempt9 metrics/predictions","Synthetic Distance-Band MAE by Model"
"generated_summary_charts","C:\Users\noams\OneDrive\Desktop\school\final project\Z_Drone_Final_Project_GA\forLior\generated_summary_charts\synthetic_distance_band_rmse_by_model.png","attempt9 metrics/predictions","Synthetic Distance-Band RMSE by Model"
"generated_summary_charts","C:\Users\noams\OneDrive\Desktop\school\final project\Z_Drone_Final_Project_GA\forLior\generated_summary_charts\synthetic_distance_band_r2_by_model.png","attempt9 metrics/predictions","Synthetic Distance-Band R2 by Model"
"generated_summary_charts","C:\Users\noams\OneDrive\Desktop\school\final project\Z_Drone_Final_Project_GA\forLior\generated_summary_charts\synthetic_distance_band_within_10m_rate_by_model.png","attempt9 metrics/predictions","Synthetic Distance-Band Within 10 m by Model"
"generated_summary_charts","C:\Users\noams\OneDrive\Desktop\school\final project\Z_Drone_Final_Project_GA\forLior\generated_summary_charts\synthetic_final_ensemble_mae_by_true_distance.png","attempt9/attempt8 CSV data","Final Ensemble MAE by True Distance"
"generated_summary_charts","C:\Users\noams\OneDrive\Desktop\school\final project\Z_Drone_Final_Project_GA\forLior\generated_summary_charts\synthetic_final_ensemble_rmse_by_true_distance.png","attempt9/attempt8 CSV data","Final Ensemble RMSE by True Distance"
"generated_summary_charts","C:\Users\noams\OneDrive\Desktop\school\final project\Z_Drone_Final_Project_GA\forLior\generated_summary_charts\synthetic_final_ensemble_within10_by_true_distance.png","attempt9/attempt8 CSV data","Final Ensemble Within-10-m Rate by True Distance"
"generated_summary_charts","C:\Users\noams\OneDrive\Desktop\school\final project\Z_Drone_Final_Project_GA\forLior\generated_summary_charts\synthetic_final_ensemble_mean_prediction_by_true_distance.png","attempt9/attempt8 CSV data","Mean Predicted Distance vs. True Distance"
"generated_summary_charts","C:\Users\noams\OneDrive\Desktop\school\final project\Z_Drone_Final_Project_GA\forLior\generated_summary_charts\synthetic_weather_time_mae.png","attempt9 metrics/predictions","Weather-Time MAE for Final Ensemble"
"generated_summary_charts","C:\Users\noams\OneDrive\Desktop\school\final project\Z_Drone_Final_Project_GA\forLior\generated_summary_charts\synthetic_weather_time_rmse.png","attempt9 metrics/predictions","Weather-Time RMSE for Final Ensemble"
"generated_summary_charts","C:\Users\noams\OneDrive\Desktop\school\final project\Z_Drone_Final_Project_GA\forLior\generated_summary_charts\synthetic_weather_time_r2.png","attempt9 metrics/predictions","Weather-Time R2 for Final Ensemble"
"generated_summary_charts","C:\Users\noams\OneDrive\Desktop\school\final project\Z_Drone_Final_Project_GA\forLior\generated_summary_charts\synthetic_weather_time_within10.png","attempt9 metrics/predictions","Weather-Time Within 10 m for Final Ensemble"
"generated_summary_charts","C:\Users\noams\OneDrive\Desktop\school\final project\Z_Drone_Final_Project_GA\forLior\generated_summary_charts\synthetic_weather_mae_rmse.png","attempt9 predictions.csv","Final Ensemble Error by Weather Condition"
"generated_summary_charts","C:\Users\noams\OneDrive\Desktop\school\final project\Z_Drone_Final_Project_GA\forLior\generated_summary_charts\synthetic_time_of_day_mae_rmse.png","attempt9 predictions.csv","Final Ensemble Error by Time of Day"
"generated_summary_charts","C:\Users\noams\OneDrive\Desktop\school\final project\Z_Drone_Final_Project_GA\forLior\generated_summary_charts\real_calibration_mae_before_after_by_distance.png","attempt9/attempt8 CSV data","Real-World MAE Before and After Calibration"
"generated_summary_charts","C:\Users\noams\OneDrive\Desktop\school\final project\Z_Drone_Final_Project_GA\forLior\generated_summary_charts\real_calibration_within10_before_after_by_distance.png","attempt9/attempt8 CSV data","Real-World Within-10-m Rate Before and After Calibration"
"generated_summary_charts","C:\Users\noams\OneDrive\Desktop\school\final project\Z_Drone_Final_Project_GA\forLior\generated_summary_charts\real_calibration_mae_by_drone_subset.png","attempt9 metrics/predictions","Real-World MAE by Drone Subset Before/After Calibration"
"generated_summary_charts","C:\Users\noams\OneDrive\Desktop\school\final project\Z_Drone_Final_Project_GA\forLior\generated_summary_charts\real_calibration_overall_mae.png","attempt9 model_metrics.csv","Real-World Overall MAE Before/After Calibration"
"generated_summary_charts","C:\Users\noams\OneDrive\Desktop\school\final project\Z_Drone_Final_Project_GA\forLior\generated_summary_charts\real_calibration_overall_rmse.png","attempt9 model_metrics.csv","Real-World Overall RMSE Before/After Calibration"
"generated_summary_charts","C:\Users\noams\OneDrive\Desktop\school\final project\Z_Drone_Final_Project_GA\forLior\generated_summary_charts\real_calibration_overall_r2.png","attempt9 model_metrics.csv","Real-World Overall R2 Before/After Calibration"
"generated_summary_charts","C:\Users\noams\OneDrive\Desktop\school\final project\Z_Drone_Final_Project_GA\forLior\generated_summary_charts\real_calibration_overall_within10.png","attempt9 model_metrics.csv","Real-World Overall Within-10-m Rate Before/After Calibration"
"documentation","C:\Users\noams\OneDrive\Desktop\school\final project\Z_Drone_Final_Project_GA\forLior\README.md","generated","Package description"
