model_name,model_type,ridge_alpha,feature_set_size,feature_names,count,loocv_mae,loocv_median_absolute_error,loocv_mean_relative_error,loocv_median_relative_error,loocv_rmse,loocv_r2,loocv_mean_signed_error,loocv_median_signed_error,loocv_p90_absolute_error,loocv_p95_absolute_error,loocv_max_absolute_error,loocv_within_5m_rate,loocv_within_10m_rate,loocv_within_20m_rate,loocv_overprediction_rate,loocv_underprediction_rate,rank,mae_gap_from_best_fusion,mae_gap_vs_best_single
greedy_forward_ols_k6,ols,0.0,6,bbox_only__bbox_midpoint__object_depth | bbox_only__inner50_median__object_depth_percentile_5_95 | bbox_only__inner50_median__object_depth | bbox_only__bbox_midpoint__object_depth_percentile_5_95 | bbox_expand_2x__inner50_median__object_minus_ring | bbox_expand_2x__bbox_midpoint__object_minus_ring,480,24.408979285634263,21.724551630762846,0.45668737741459686,0.27602932715706824,30.106999815649598,0.384601003972034,0.01478628138880443,1.1331701855147713,49.45811200713922,59.04982073291152,87.68434830146118,0.12291666666666666,0.23541666666666666,0.475,0.5125,0.4875,1,0.0,-1.0527753906324335
greedy_forward_ridge_k6,ridge,1.0,6,bbox_only__bbox_midpoint__object_depth | bbox_only__inner50_median__object_depth_percentile_5_95 | bbox_only__inner50_median__object_depth | bbox_only__bbox_midpoint__object_depth_percentile_5_95 | bbox_expand_2x__inner50_median__object_minus_ring | bbox_expand_2x__bbox_midpoint__object_minus_ring,480,24.414493309216724,21.85148763868706,0.4569057559833483,0.2761436326655763,30.100220750159423,0.38487810633663744,0.014952376476384189,1.1840874548593376,49.38432837707693,58.993218048873274,87.51986380536835,0.12083333333333333,0.23958333333333334,0.48125,0.5145833333333333,0.48541666666666666,2,0.005514023582460226,-1.0472613670499733
greedy_forward_ols_k5,ols,0.0,5,bbox_only__bbox_midpoint__object_depth | bbox_only__inner50_median__object_depth_percentile_5_95 | bbox_only__inner50_median__object_depth | bbox_only__bbox_midpoint__object_depth_percentile_5_95 | bbox_expand_2x__inner50_median__object_minus_ring,480,24.42967189930751,21.47991080403105,0.4562488007108868,0.2763724120087382,30.118929931817192,0.3841131947466725,0.01930659900469512,0.9380602025679536,49.80838239709636,58.535530006343365,87.28243013252357,0.12083333333333333,0.2375,0.46875,0.5145833333333333,0.48541666666666666,3,0.020692613673247706,-1.0320827769591858
greedy_forward_ols_k4,ols,0.0,4,bbox_only__bbox_midpoint__object_depth | bbox_only__inner50_median__object_depth_percentile_5_95 | bbox_only__inner50_median__object_depth | bbox_only__bbox_midpoint__object_depth_percentile_5_95,480,24.432569115845816,21.693852522196806,0.4563258468528506,0.28021912042112307,30.093611026059946,0.38514822658820014,0.017143962475677198,0.7188062123826882,49.53952905110304,59.16382665629125,85.70848519672083,0.12083333333333333,0.2375,0.4625,0.5083333333333333,0.49166666666666664,4,0.023589830211552254,-1.0291855604208813
greedy_forward_ridge_k5,ridge,1.0,5,bbox_only__bbox_midpoint__object_depth | bbox_only__inner50_median__object_depth_percentile_5_95 | bbox_only__inner50_median__object_depth | bbox_only__bbox_midpoint__object_depth_percentile_5_95 | bbox_expand_2x__inner50_median__object_minus_ring,480,24.435620200607826,21.450135004008047,0.4564544723831786,0.2773890394082132,30.115959050201496,0.38423468887349577,0.019242525679627913,0.8639128107586771,49.42724666665901,58.667189924491524,87.14162614471348,0.11458333333333333,0.23541666666666666,0.46875,0.5104166666666666,0.4895833333333333,5,0.026640914973562246,-1.0261344756588713
greedy_forward_ridge_k4,ridge,1.0,4,bbox_only__bbox_midpoint__object_depth | bbox_only__inner50_median__object_depth_percentile_5_95 | bbox_only__inner50_median__object_depth | bbox_only__bbox_midpoint__object_depth_percentile_5_95,480,24.441813756589568,21.7582163533296,0.4566002872938295,0.28010707209796537,30.090845409054843,0.3852612317295818,0.01700420087060479,0.7992545397620887,49.65129246984322,59.154081889335906,85.64773156083281,0.11666666666666667,0.23958333333333334,0.46458333333333335,0.5125,0.4875,6,0.03283447095530434,-1.0199409196771292
greedy_forward_ols_k3,ols,0.0,3,bbox_only__bbox_midpoint__object_depth | bbox_only__inner50_median__object_depth_percentile_5_95 | bbox_only__inner50_median__object_depth,480,24.586570185004238,21.465901062547935,0.459417392099076,0.28787922234979935,30.27720080719509,0.37762338531085815,0.022691329960044488,1.3919343185185298,49.46932724230432,60.57087630021626,85.35607117051039,0.10416666666666667,0.22708333333333333,0.4583333333333333,0.5145833333333333,0.48541666666666666,7,0.1775908993699744,-0.8751844912624591
greedy_forward_ridge_k3,ridge,1.0,3,bbox_only__bbox_midpoint__object_depth | bbox_only__inner50_median__object_depth_percentile_5_95 | bbox_only__inner50_median__object_depth,480,24.591208241764555,21.533945653226162,0.4596345287930891,0.28816486261392504,30.276755520120915,0.37764169177357465,0.022814146451450294,1.466179470013536,49.531352502258315,60.512123134738076,85.3493693622698,0.10416666666666667,0.22916666666666666,0.46041666666666664,0.5145833333333333,0.48541666666666666,8,0.18222895613029166,-0.8705464345021419
top_12_ridge_alpha_1,ridge,1.0,12,bbox_only__bbox_midpoint__object_depth | bbox_expand_1_5x__bbox_midpoint__object_minus_ring | bbox_only__bbox_midpoint__object_depth_percentile_5_95 | bbox_expand_1_5x__bbox_midpoint__object_depth | bbox_only__inner50_median__object_depth_percentile_5_95 | bbox_expand_1_5x__bbox_midpoint__object_depth_percentile_5_95 | bbox_expand_1_5x__bbox_midpoint__object_minus_ring_normalized | bbox_expand_2x__bbox_midpoint__object_minus_ring | bbox_expand_1_5x__bbox_mean__object_minus_ring_normalized | bbox_expand_1_5x__inner50_median__object_minus_ring_normalized | bbox_expand_1_5x__inner50_median__object_depth_percentile_5_95 | bbox_expand_1_5x__inner50_median__object_minus_ring,480,24.62456446625508,21.51708326205813,0.4627359734115911,0.28261440612359867,30.020514592391617,0.38813151022891224,0.0407620202887377,0.7445453845868215,49.227597757772465,57.813913152430345,90.69334188072473,0.10416666666666667,0.23125,0.4666666666666667,0.5104166666666666,0.4895833333333333,9,0.21558518062081689,-0.8371902100116166
top_12_ols,ols,0.0,12,bbox_only__bbox_midpoint__object_depth | bbox_expand_1_5x__bbox_midpoint__object_minus_ring | bbox_only__bbox_midpoint__object_depth_percentile_5_95 | bbox_expand_1_5x__bbox_midpoint__object_depth | bbox_only__inner50_median__object_depth_percentile_5_95 | bbox_expand_1_5x__bbox_midpoint__object_depth_percentile_5_95 | bbox_expand_1_5x__bbox_midpoint__object_minus_ring_normalized | bbox_expand_2x__bbox_midpoint__object_minus_ring | bbox_expand_1_5x__bbox_mean__object_minus_ring_normalized | bbox_expand_1_5x__inner50_median__object_minus_ring_normalized | bbox_expand_1_5x__inner50_median__object_depth_percentile_5_95 | bbox_expand_1_5x__inner50_median__object_minus_ring,480,24.631888290935006,21.4327455232744,0.4638100481128081,0.2865370973357514,30.04002198380364,0.38733606509483043,0.038793255029228625,0.816419789795269,49.15582518336311,58.02990437472399,90.81328801415015,0.10625,0.22708333333333333,0.46875,0.5041666666666667,0.49583333333333335,10,0.22290900530074254,-0.829866385331691
top_12_ridge_alpha_10,ridge,10.0,12,bbox_only__bbox_midpoint__object_depth | bbox_expand_1_5x__bbox_midpoint__object_minus_ring | bbox_only__bbox_midpoint__object_depth_percentile_5_95 | bbox_expand_1_5x__bbox_midpoint__object_depth | bbox_only__inner50_median__object_depth_percentile_5_95 | bbox_expand_1_5x__bbox_midpoint__object_depth_percentile_5_95 | bbox_expand_1_5x__bbox_midpoint__object_minus_ring_normalized | bbox_expand_2x__bbox_midpoint__object_minus_ring | bbox_expand_1_5x__bbox_mean__object_minus_ring_normalized | bbox_expand_1_5x__inner50_median__object_minus_ring_normalized | bbox_expand_1_5x__inner50_median__object_depth_percentile_5_95 | bbox_expand_1_5x__inner50_median__object_minus_ring,480,24.730422486554698,21.000705955896713,0.4621275704271761,0.27770449680360304,30.08860096265633,0.38535293382293856,0.04264891272,1.6234375046538858,49.70255270081568,57.384836773059334,89.74061448434952,0.09583333333333334,0.21875,0.47291666666666665,0.5166666666666667,0.48333333333333334,11,0.32144320092043444,-0.7313321897119991
greedy_forward_ols_k2,ols,0.0,2,bbox_only__bbox_midpoint__object_depth | bbox_only__inner50_median__object_depth_percentile_5_95,480,24.872246620864637,21.792560038274445,0.46869292600973744,0.2847980622276153,30.41614880676918,0.37189786145254233,0.014514901430356986,0.4174115391929192,50.25242106852443,58.2390798683105,86.43960600246518,0.08958333333333333,0.21666666666666667,0.4583333333333333,0.5104166666666666,0.4895833333333333,12,0.46326733523037333,-0.5895080554020602
greedy_forward_ridge_k2,ridge,1.0,2,bbox_only__bbox_midpoint__object_depth | bbox_only__inner50_median__object_depth_percentile_5_95,480,24.87276444612953,21.808927179984906,0.46877599263519387,0.2846947288213967,30.415806268836267,0.37191200838469274,0.014435622130753245,0.4709398772711495,50.23645365286045,58.23368283743292,86.35656670128549,0.09166666666666666,0.21666666666666667,0.4583333333333333,0.5104166666666666,0.4895833333333333,13,0.4637851604952665,-0.588990230137167
top_5_ridge_alpha_10,ridge,10.0,5,bbox_only__bbox_midpoint__object_depth | bbox_expand_1_5x__bbox_midpoint__object_minus_ring | bbox_only__bbox_midpoint__object_depth_percentile_5_95 | bbox_expand_1_5x__bbox_midpoint__object_depth | bbox_only__inner50_median__object_depth_percentile_5_95,480,25.045684252720168,21.96365950170749,0.4728017444960014,0.285218049754414,30.48151327275272,0.36919537104588374,0.023977730148448017,1.0873685819170902,50.546327169814425,59.46854666873955,83.31876130567147,0.09583333333333334,0.20833333333333334,0.45416666666666666,0.5145833333333333,0.48541666666666666,14,0.6367049670859046,-0.4160704235465289
best_per_context_ridge_alpha_1,ridge,1.0,9,bbox_expand_10x__bbox_midpoint__object_depth | bbox_expand_16x__bbox_midpoint__object_depth | bbox_expand_1_5x__bbox_midpoint__object_minus_ring | bbox_expand_2x__bbox_midpoint__object_minus_ring | bbox_expand_4x__bbox_midpoint__object_minus_ring | bbox_expand_6x__bbox_midpoint__object_minus_ring | bbox_expand_8x__bbox_midpoint__object_depth | bbox_only__bbox_midpoint__object_depth | full_image__bbox_midpoint__object_minus_ring,480,25.046884540213107,22.263258045136425,0.46250650081832295,0.2741963121828299,30.532842519697596,0.3670690994064022,0.07716698713143917,-0.9304624294502375,50.81756414460053,58.74046967198605,88.47706886108503,0.11875,0.23333333333333334,0.45208333333333334,0.49166666666666664,0.5083333333333333,15,0.6379052545788433,-0.41487013605359024
best_per_context_ols,ols,0.0,9,bbox_expand_10x__bbox_midpoint__object_depth | bbox_expand_16x__bbox_midpoint__object_depth | bbox_expand_1_5x__bbox_midpoint__object_minus_ring | bbox_expand_2x__bbox_midpoint__object_minus_ring | bbox_expand_4x__bbox_midpoint__object_minus_ring | bbox_expand_6x__bbox_midpoint__object_minus_ring | bbox_expand_8x__bbox_midpoint__object_depth | bbox_only__bbox_midpoint__object_depth | full_image__bbox_midpoint__object_minus_ring,480,25.049308877430196,22.291292269026982,0.46258872725366124,0.27369483898216473,30.53982597978579,0.3667795388680516,0.07863417859925903,-0.8307253124008867,50.94154604680994,58.67980940866333,88.69193983898353,0.11875,0.23333333333333334,0.45208333333333334,0.49166666666666664,0.5083333333333333,16,0.6403295917959326,-0.4124457988365009
top_5_ridge_alpha_1,ridge,1.0,5,bbox_only__bbox_midpoint__object_depth | bbox_expand_1_5x__bbox_midpoint__object_minus_ring | bbox_only__bbox_midpoint__object_depth_percentile_5_95 | bbox_expand_1_5x__bbox_midpoint__object_depth | bbox_only__inner50_median__object_depth_percentile_5_95,480,25.070523773042996,21.76311521028137,0.473006568778341,0.2895891908198326,30.49925428945633,0.36846086865317995,0.027551092068203314,1.2913548705410136,50.356899988774444,59.41290205859781,83.73476661365518,0.1,0.20416666666666666,0.46041666666666664,0.5125,0.4875,17,0.6615444874087331,-0.39123090322370047
top_5_ols,ols,0.0,5,bbox_only__bbox_midpoint__object_depth | bbox_expand_1_5x__bbox_midpoint__object_minus_ring | bbox_only__bbox_midpoint__object_depth_percentile_5_95 | bbox_expand_1_5x__bbox_midpoint__object_depth | bbox_only__inner50_median__object_depth_percentile_5_95,480,25.07485134972573,21.72259312102929,0.4730536499083812,0.2894291021924873,30.502977222476133,0.3683066798744682,0.028043994445655092,1.271644843906401,50.294558861538405,59.31937546503445,84.04245848152965,0.1,0.20625,0.46041666666666664,0.5125,0.4875,18,0.6658720640914666,-0.38690332654096693
top_8_ridge_alpha_10,ridge,10.0,8,bbox_only__bbox_midpoint__object_depth | bbox_expand_1_5x__bbox_midpoint__object_minus_ring | bbox_only__bbox_midpoint__object_depth_percentile_5_95 | bbox_expand_1_5x__bbox_midpoint__object_depth | bbox_only__inner50_median__object_depth_percentile_5_95 | bbox_expand_1_5x__bbox_midpoint__object_depth_percentile_5_95 | bbox_expand_1_5x__bbox_midpoint__object_minus_ring_normalized | bbox_expand_2x__bbox_midpoint__object_minus_ring,480,25.1030785618334,21.084273658832565,0.4730957620710895,0.2832709342729597,30.44877445580528,0.3705496808867892,0.04015925899234958,1.2090552960687262,50.040325370805945,59.14264033554185,86.10360600961388,0.10416666666666667,0.2125,0.4666666666666667,0.5125,0.4875,19,0.694099276199136,-0.3586761144332975
top_8_ridge_alpha_1,ridge,1.0,8,bbox_only__bbox_midpoint__object_depth | bbox_expand_1_5x__bbox_midpoint__object_minus_ring | bbox_only__bbox_midpoint__object_depth_percentile_5_95 | bbox_expand_1_5x__bbox_midpoint__object_depth | bbox_only__inner50_median__object_depth_percentile_5_95 | bbox_expand_1_5x__bbox_midpoint__object_depth_percentile_5_95 | bbox_expand_1_5x__bbox_midpoint__object_minus_ring_normalized | bbox_expand_2x__bbox_midpoint__object_minus_ring,480,25.15046786631063,21.696369636401606,0.47365337626334125,0.28481068230002715,30.48182540970442,0.3691824518420127,0.0493743896122074,1.0686811659350752,50.25562204797878,58.360913378124984,86.55203753535201,0.10208333333333333,0.2,0.45625,0.5083333333333333,0.49166666666666664,20,0.7414885806763678,-0.3112868099560657
raw_midpoint_all_scales_ols,ols,0.0,9,full_image__bbox_midpoint__object_depth | bbox_expand_16x__bbox_midpoint__object_depth | bbox_expand_10x__bbox_midpoint__object_depth | bbox_expand_8x__bbox_midpoint__object_depth | bbox_expand_6x__bbox_midpoint__object_depth | bbox_expand_4x__bbox_midpoint__object_depth | bbox_expand_2x__bbox_midpoint__object_depth | bbox_expand_1_5x__bbox_midpoint__object_depth | bbox_only__bbox_midpoint__object_depth,480,25.15539323974742,22.137379276511687,0.47136048280004744,0.2711757401287706,31.27061724345776,0.33611213389295314,0.07857778604088708,-0.30731732922424015,51.49572724313342,60.79007790471677,99.28860190785278,0.12291666666666666,0.2604166666666667,0.4666666666666667,0.4895833333333333,0.5104166666666666,21,0.7464139541131551,-0.3063614365192784
top_8_ols,ols,0.0,8,bbox_only__bbox_midpoint__object_depth | bbox_expand_1_5x__bbox_midpoint__object_minus_ring | bbox_only__bbox_midpoint__object_depth_percentile_5_95 | bbox_expand_1_5x__bbox_midpoint__object_depth | bbox_only__inner50_median__object_depth_percentile_5_95 | bbox_expand_1_5x__bbox_midpoint__object_depth_percentile_5_95 | bbox_expand_1_5x__bbox_midpoint__object_minus_ring_normalized | bbox_expand_2x__bbox_midpoint__object_minus_ring,480,25.159036439807643,21.783705231595675,0.47380284771406544,0.2836511071616186,30.489872248916566,0.3688493512269856,0.050798505177336514,1.0434248683454044,50.339727747126055,58.204128250682764,86.61057513379107,0.10208333333333333,0.19791666666666666,0.45625,0.5083333333333333,0.49166666666666664,22,0.7500571541733798,-0.3027182364590537
raw_midpoint_all_scales_ridge_alpha_1,ridge,1.0,9,full_image__bbox_midpoint__object_depth | bbox_expand_16x__bbox_midpoint__object_depth | bbox_expand_10x__bbox_midpoint__object_depth | bbox_expand_8x__bbox_midpoint__object_depth | bbox_expand_6x__bbox_midpoint__object_depth | bbox_expand_4x__bbox_midpoint__object_depth | bbox_expand_2x__bbox_midpoint__object_depth | bbox_expand_1_5x__bbox_midpoint__object_depth | bbox_only__bbox_midpoint__object_depth,480,25.15987202425271,22.26721176960436,0.4715553668325944,0.27136485898869844,31.261823154954623,0.33648548550722,0.0768000439690771,-0.2431044054855036,51.59157696840364,60.889055572687845,98.82161528804542,0.12291666666666666,0.2604166666666667,0.46875,0.49166666666666664,0.5083333333333333,23,0.7508927386184467,-0.3018826520139868
top_3_ols,ols,0.0,3,bbox_only__bbox_midpoint__object_depth | bbox_expand_1_5x__bbox_midpoint__object_minus_ring | bbox_only__bbox_midpoint__object_depth_percentile_5_95,480,25.22534560477112,21.832193541625244,0.4736164977694997,0.28281435076749595,30.824961097649307,0.3549002138580414,0.008757740002664605,0.12134145415699038,51.60836942113306,60.37116461545859,82.52902023724229,0.09583333333333334,0.22083333333333333,0.45625,0.5,0.5,24,0.8163663191368578,-0.23640907149557577
top_3_ridge_alpha_1,ridge,1.0,3,bbox_only__bbox_midpoint__object_depth | bbox_expand_1_5x__bbox_midpoint__object_minus_ring | bbox_only__bbox_midpoint__object_depth_percentile_5_95,480,25.225607366272563,21.855402386700348,0.4736577334836138,0.28272904705540697,30.82346150516354,0.35496297878791616,0.008557348176591024,0.09166232870548896,51.60739823719438,60.4141208626015,82.39876758496833,0.09583333333333334,0.22291666666666668,0.45625,0.5,0.5,25,0.8166280806382993,-0.23614730999413425
top_3_ridge_alpha_10,ridge,10.0,3,bbox_only__bbox_midpoint__object_depth | bbox_expand_1_5x__bbox_midpoint__object_minus_ring | bbox_only__bbox_midpoint__object_depth_percentile_5_95,480,25.228430779228695,21.97219131492693,0.4740322675215644,0.2843331399082195,30.813180582254812,0.3553932010672848,0.007019377361158755,0.09082923568326606,51.45762919236734,60.645701852621876,81.35033729186927,0.09791666666666667,0.21875,0.45625,0.5020833333333333,0.4979166666666667,26,0.8194514935944319,-0.2333238970380016
greedy_forward_ols_k1,ols,0.0,1,bbox_only__bbox_midpoint__object_depth,480,25.461754676266697,21.449902621148574,0.48075564352438066,0.27371480488781197,31.24388909373432,0.33724654775565244,-0.0012296832989344844,-0.4175299095889571,52.946484187428005,59.807970413257195,87.49184698165959,0.10833333333333334,0.2375,0.46458333333333335,0.4979166666666667,0.5020833333333333,27,1.0527753906324335,0.0
greedy_forward_ridge_k1,ridge,1.0,1,bbox_only__bbox_midpoint__object_depth,480,25.463184823753075,21.483503424229966,0.4808244142182392,0.2738816084630725,31.243780295318277,0.33725116346786854,-0.0012271214587087798,-0.44275608901352825,52.94056314564919,59.78514500516767,87.38786040065658,0.10833333333333334,0.23958333333333334,0.4625,0.4979166666666667,0.5020833333333333,28,1.0542055381188113,0.0014301474863778196
mixed_shortlist_ridge_alpha_1,ridge,1.0,4,bbox_only__bbox_midpoint__object_depth | bbox_expand_1_5x__bbox_midpoint__object_minus_ring | bbox_expand_2x__bbox_midpoint__object_minus_ring | bbox_expand_4x__bbox_midpoint__object_minus_ring,480,25.487862108250454,22.551352670054712,0.48173864168166036,0.28777900672586226,31.018374067592653,0.34677938571059397,0.04043526715664901,0.35923310530851893,52.6476541648605,60.03908722561626,81.09075560453203,0.11666666666666667,0.21041666666666667,0.45416666666666666,0.5083333333333333,0.49166666666666664,29,1.0788828226161904,0.026107431983756868
mixed_shortlist_ols,ols,0.0,4,bbox_only__bbox_midpoint__object_depth | bbox_expand_1_5x__bbox_midpoint__object_minus_ring | bbox_expand_2x__bbox_midpoint__object_minus_ring | bbox_expand_4x__bbox_midpoint__object_minus_ring,480,25.490146078385404,22.60428789645251,0.48180761828267776,0.28670879488365164,31.021684914825794,0.34663993100668955,0.041346276300779056,0.45161370635384657,52.650015902261934,60.03338655108829,81.21506278792594,0.11666666666666667,0.21041666666666667,0.45208333333333334,0.50625,0.49375,30,1.0811667927511408,0.028391402118707276
raw_midpoint_core_scales_ols,ols,0.0,4,bbox_only__bbox_midpoint__object_depth | bbox_expand_1_5x__bbox_midpoint__object_depth | bbox_expand_2x__bbox_midpoint__object_depth | bbox_expand_4x__bbox_midpoint__object_depth,480,25.506470676559506,21.942383824356334,0.48119709558673246,0.270706706663434,31.324231717559698,0.3338336683256308,0.044739458385047705,-0.2153804304490592,53.409534252645024,59.10858335975877,93.10905006061202,0.10416666666666667,0.24166666666666667,0.4666666666666667,0.49583333333333335,0.5041666666666667,31,1.0974913909252422,0.044716000292808644
raw_midpoint_core_scales_ridge_alpha_1,ridge,1.0,4,bbox_only__bbox_midpoint__object_depth | bbox_expand_1_5x__bbox_midpoint__object_depth | bbox_expand_2x__bbox_midpoint__object_depth | bbox_expand_4x__bbox_midpoint__object_depth,480,25.507395176839328,21.986064695853827,0.4812957634894723,0.2694356818842184,31.32067362175736,0.3339849983905081,0.043788565997840576,-0.17951647737754683,53.38006065574034,59.156110515578945,92.74391156968204,0.10416666666666667,0.24166666666666667,0.46458333333333335,0.4979166666666667,0.5020833333333333,32,1.0984158912050646,0.045640500572631026
top_2_ols,ols,0.0,2,bbox_only__bbox_midpoint__object_depth | bbox_expand_1_5x__bbox_midpoint__object_minus_ring,480,25.538596401151448,21.65406198933004,0.482222593873559,0.28286562065032844,31.07257496646313,0.3444945414111652,0.004558056724649381,1.0621943467580763,53.37467820628438,60.3645392754865,80.30662623258942,0.1,0.2125,0.4666666666666667,0.50625,0.49375,33,1.1296171155171848,0.07684172488475127
top_2_ridge_alpha_1,ridge,1.0,2,bbox_only__bbox_midpoint__object_depth | bbox_expand_1_5x__bbox_midpoint__object_minus_ring,480,25.540571921235546,21.642606847189434,0.48229958063361794,0.2831724085271723,31.071491652966024,0.3445402476670977,0.004353078350326693,1.1052360088844821,53.391188438257146,60.35242416626409,80.16485128368247,0.1,0.21041666666666667,0.4666666666666667,0.50625,0.49375,34,1.131592635601283,0.07881724496884956
top_2_ridge_alpha_10,ridge,10.0,2,bbox_only__bbox_midpoint__object_depth | bbox_expand_1_5x__bbox_midpoint__object_minus_ring,480,25.55702364570651,21.759643095611978,0.4829567121000432,0.2850891363913367,31.06511328045002,0.3448093263068567,0.0027796001392573545,1.201206110909638,53.39482329953932,60.27475123373621,79.01718698143819,0.09583333333333334,0.21041666666666667,0.4666666666666667,0.50625,0.49375,35,1.148044360072248,0.09526896943981455
contrast_midpoint_all_scales_ridge_alpha_1,ridge,1.0,8,full_image__bbox_midpoint__object_minus_ring | bbox_expand_16x__bbox_midpoint__object_minus_ring | bbox_expand_10x__bbox_midpoint__object_minus_ring | bbox_expand_8x__bbox_midpoint__object_minus_ring | bbox_expand_6x__bbox_midpoint__object_minus_ring | bbox_expand_4x__bbox_midpoint__object_minus_ring | bbox_expand_2x__bbox_midpoint__object_minus_ring | bbox_expand_1_5x__bbox_midpoint__object_minus_ring,480,26.104683588027243,22.86392540311788,0.4899081004732564,0.2980012590648543,31.68647460199882,0.3183370821817598,0.0994937832611735,0.7954619927586393,52.68540019257101,59.54060975287091,74.68213050020225,0.11666666666666667,0.22291666666666668,0.4375,0.50625,0.49375,36,1.6957043023929792,0.6429289117605457
contrast_midpoint_all_scales_ols,ols,0.0,8,full_image__bbox_midpoint__object_minus_ring | bbox_expand_16x__bbox_midpoint__object_minus_ring | bbox_expand_10x__bbox_midpoint__object_minus_ring | bbox_expand_8x__bbox_midpoint__object_minus_ring | bbox_expand_6x__bbox_midpoint__object_minus_ring | bbox_expand_4x__bbox_midpoint__object_minus_ring | bbox_expand_2x__bbox_midpoint__object_minus_ring | bbox_expand_1_5x__bbox_midpoint__object_minus_ring,480,26.11713132394203,22.878468980035723,0.4901918636656209,0.2981644096387084,31.694094286590158,0.31800920216310025,0.10133015650210761,0.6286423209880354,52.73688333757567,59.66493143914546,74.59061142127007,0.1125,0.22291666666666668,0.4395833333333333,0.5083333333333333,0.49166666666666664,37,1.708152038307766,0.6553766476753324
contrast_midpoint_core_scales_ridge_alpha_1,ridge,1.0,4,bbox_expand_1_5x__bbox_midpoint__object_minus_ring | bbox_expand_2x__bbox_midpoint__object_minus_ring | bbox_expand_4x__bbox_midpoint__object_minus_ring | bbox_expand_6x__bbox_midpoint__object_minus_ring,480,26.34835397406401,23.033508186060576,0.5023826625300034,0.29888075619849386,32.02100736926833,0.30386766872346016,0.04665451661425095,0.7975870680322075,53.35569337688652,60.85495656328421,74.83341756768996,0.10208333333333333,0.21875,0.4395833333333333,0.5083333333333333,0.49166666666666664,38,1.9393746884297478,0.8865992977973143
contrast_midpoint_core_scales_ols,ols,0.0,4,bbox_expand_1_5x__bbox_midpoint__object_minus_ring | bbox_expand_2x__bbox_midpoint__object_minus_ring | bbox_expand_4x__bbox_midpoint__object_minus_ring | bbox_expand_6x__bbox_midpoint__object_minus_ring,480,26.354481115784598,22.998084915487084,0.5024788787612897,0.2978970819094747,32.0252050785709,0.30368514150527404,0.04767160261981189,0.828255844726435,52.97128975465861,60.86401744498743,74.72524610103069,0.10625,0.21666666666666667,0.4354166666666667,0.5083333333333333,0.49166666666666664,39,1.9455018301503344,0.8927264395179009
normalized_midpoint_all_scales_ridge_alpha_1,ridge,1.0,9,full_image__bbox_midpoint__object_depth_percentile_5_95 | bbox_expand_16x__bbox_midpoint__object_depth_percentile_5_95 | bbox_expand_10x__bbox_midpoint__object_depth_percentile_5_95 | bbox_expand_8x__bbox_midpoint__object_depth_percentile_5_95 | bbox_expand_6x__bbox_midpoint__object_depth_percentile_5_95 | bbox_expand_4x__bbox_midpoint__object_depth_percentile_5_95 | bbox_expand_2x__bbox_midpoint__object_depth_percentile_5_95 | bbox_expand_1_5x__bbox_midpoint__object_depth_percentile_5_95 | bbox_only__bbox_midpoint__object_depth_percentile_5_95,480,27.172734645297655,25.364223539948192,0.5350675930526961,0.30477873695689,33.11841652021283,0.25533498423334233,0.03558785880694586,1.4319806525192327,52.902535588366895,64.97542337264592,94.15742825122554,0.11875,0.2,0.3875,0.5125,0.4875,40,2.763755359663392,1.7109799690309586
normalized_midpoint_all_scales_ols,ols,0.0,9,full_image__bbox_midpoint__object_depth_percentile_5_95 | bbox_expand_16x__bbox_midpoint__object_depth_percentile_5_95 | bbox_expand_10x__bbox_midpoint__object_depth_percentile_5_95 | bbox_expand_8x__bbox_midpoint__object_depth_percentile_5_95 | bbox_expand_6x__bbox_midpoint__object_depth_percentile_5_95 | bbox_expand_4x__bbox_midpoint__object_depth_percentile_5_95 | bbox_expand_2x__bbox_midpoint__object_depth_percentile_5_95 | bbox_expand_1_5x__bbox_midpoint__object_depth_percentile_5_95 | bbox_only__bbox_midpoint__object_depth_percentile_5_95,480,27.173711342389606,25.38052070406534,0.5350010536435905,0.3050221493453842,33.12436689968375,0.25506737255681056,0.03594819290545767,1.417087195299775,52.89445599438813,65.00318856530251,94.20243382673453,0.11875,0.2,0.3875,0.5125,0.4875,41,2.764732056755342,1.7119566661229086
