model_name,candidate_name,num_features,feature_names,oof_mae,oof_mean_relative_error,oof_rmse,oof_r2,oof_mean_signed_error,num_folds,mean_count,mean_mae,mean_median_absolute_error,mean_mean_relative_error,mean_median_relative_error,mean_rmse,mean_r2,mean_mean_signed_error,mean_median_signed_error,mean_p90_absolute_error,mean_p95_absolute_error,mean_max_absolute_error,mean_within_5m_rate,mean_within_10m_rate,mean_within_20m_rate,mean_overprediction_rate,mean_underprediction_rate,param_n_estimators,param_learning_rate,param_max_depth,param_min_child_weight,param_subsample,param_colsample_bytree,param_reg_lambda,param_reg_alpha,param_random_state,param_n_jobs,param_tree_method,param_verbosity
raw_depth_only_xgb,xgb_shallow,1,bbox_only__inner50_median__object_depth,27.40821396123987,0.543874529371422,34.04210587925677,0.20223058202698851,-0.018213814774441443,5,10243.2,27.40817259885431,23.576390075683594,0.5438727911042693,0.2901710982210147,34.04179708929122,0.20212434910674756,-0.018427006043630522,0.5008544921875,59.27536605834963,64.6605704498291,101.26372985839843,0.12211176185274505,0.2443194634371526,0.4346317773158986,0.5062647521127139,0.493735247887286,250,0.05,3,4.0,0.8,0.8,1.0,0.0,20260520,1,hist,0
raw_depth_only_xgb,xgb_medium,1,bbox_only__inner50_median__object_depth,27.429950768446332,0.5440763638933926,34.068024569914414,0.20101532170634617,-0.020956954483835447,5,10243.2,27.429909134779127,23.625243759155275,0.5440745999804197,0.2902828769881286,34.06771652942952,0.20090721107463416,-0.021171977247465473,0.492938232421875,59.26759918212891,65.02005447387694,101.35263519287109,0.12213110234681634,0.24291386052662411,0.43779506401336077,0.5050934482896638,0.49490655171033626,300,0.05,4,2.0,0.8,0.8,1.0,0.0,20260520,1,hist,0
raw_depth_only_xgb,xgb_deep,1,bbox_only__inner50_median__object_depth,27.463362592937276,0.5445495323861975,34.109834181682686,0.19905302786993728,-0.01263126936676874,5,10243.2,27.463319843114352,23.61178092956543,0.5445477398363928,0.29047002504136826,34.10950678595826,0.1989442835493279,-0.012844417804035562,0.47321548461914065,59.33351348876954,65.28653327941893,101.51836929321288,0.12265725662496152,0.2419761765620724,0.4370932051127497,0.5072008027290349,0.4927991972709651,350,0.05,6,2.0,0.8,0.8,1.0,0.0,20260520,1,hist,0
raw_depth_only_xgb,xgb_regularized,1,bbox_only__inner50_median__object_depth,27.44180642809953,0.5442196837281263,34.08522593755964,0.2002082834919442,-0.020505181702551563,5,10243.2,27.441764897650852,23.646137237548828,0.5442179149391432,0.29048805188165194,34.084904154724484,0.20010030107587878,-0.02071985742356281,0.5095039367675781,59.3334620666504,65.18199600219725,101.36811447143555,0.12220883040919753,0.24320579961994254,0.4369948311506178,0.5062642481964736,0.4937357518035264,450,0.03,5,3.0,0.85,0.85,2.0,0.1,20260520,1,hist,0
geometry_metadata_xgb,xgb_shallow,12,bbox_width_px | bbox_height_px | bbox_width_norm | bbox_height_norm | bbox_area_ratio | bbox_aspect_ratio | bbox_center_x_norm | bbox_center_y_norm | weather=clear_sky | weather=light_rain | time_of_day=10AM | time_of_day=8PM,9.223715561511032,0.12447934215236328,12.395270289891627,0.8942314500537805,-0.0023880629418828046,5,10243.2,9.223691888803705,6.754001045227051,0.1244789284906261,0.10141766286103622,12.394731829225888,0.8942080746489633,-0.0024770065516135976,0.18686294555664062,21.123277587890627,26.062260360717765,57.23084259033203,0.3997582663679321,0.6431603547543435,0.8842361602662085,0.5089406980597238,0.49105930194027625,250,0.05,3,4.0,0.8,0.8,1.0,0.0,20260520,1,hist,0
geometry_metadata_xgb,xgb_medium,12,bbox_width_px | bbox_height_px | bbox_width_norm | bbox_height_norm | bbox_area_ratio | bbox_aspect_ratio | bbox_center_x_norm | bbox_center_y_norm | weather=clear_sky | weather=light_rain | time_of_day=10AM | time_of_day=8PM,8.84392712671881,0.11936794222066065,11.911570953661514,0.9023251772745046,0.007069883812818256,5,10243.2,8.843895592878471,6.532870101928711,0.11936750107418592,0.09628564325178632,11.911003255742227,0.902302273101391,0.006973961702516579,0.24423713684082032,20.2267823791504,25.07414588928222,57.7482192993164,0.41260655140081265,0.6563211857604895,0.8968490473983011,0.5129040048256409,0.4870959951743591,300,0.05,4,2.0,0.8,0.8,1.0,0.0,20260520,1,hist,0
geometry_metadata_xgb,xgb_deep,12,bbox_width_px | bbox_height_px | bbox_width_norm | bbox_height_norm | bbox_area_ratio | bbox_aspect_ratio | bbox_center_x_norm | bbox_center_y_norm | weather=clear_sky | weather=light_rain | time_of_day=10AM | time_of_day=8PM,8.19292953721213,0.11125579321432151,11.111939299600675,0.914998954348729,-0.012996099845054409,5,10243.2,8.192910571908765,6.091302108764649,0.1112553992125207,0.08735687427612895,11.111400778685262,0.9149816874926927,-0.013110299634120892,0.15344791412353515,18.64008422851564,23.241148910522462,57.20479125976563,0.43439754731429064,0.6856865886879886,0.9177203023289934,0.5102865237010926,0.4897134762989074,350,0.05,6,2.0,0.8,0.8,1.0,0.0,20260520,1,hist,0
geometry_metadata_xgb,xgb_regularized,12,bbox_width_px | bbox_height_px | bbox_width_norm | bbox_height_norm | bbox_area_ratio | bbox_aspect_ratio | bbox_center_x_norm | bbox_center_y_norm | weather=clear_sky | weather=light_rain | time_of_day=10AM | time_of_day=8PM,8.580525933467236,0.11579273950894672,11.574997610032126,0.907766993044411,-0.006992566943056916,5,10243.2,8.580500304008563,6.383628082275391,0.11579237549317345,0.09271926561333213,11.574615526565921,0.9077471848228829,-0.007088237864943381,0.2397785186767578,19.48026626586914,24.200457382202146,58.46187286376953,0.41807290265458424,0.66633681032491,0.9072755306251693,0.5135673182972439,0.4864326817027561,450,0.03,5,3.0,0.85,0.85,2.0,0.1,20260520,1,hist,0
raw_depth_geometry_metadata_xgb,xgb_shallow,13,bbox_only__inner50_median__object_depth | bbox_width_px | bbox_height_px | bbox_width_norm | bbox_height_norm | bbox_area_ratio | bbox_aspect_ratio | bbox_center_x_norm | bbox_center_y_norm | weather=clear_sky | weather=light_rain | time_of_day=10AM | time_of_day=8PM,8.69627155536266,0.1155531704200703,11.803223518778973,0.9040939928206267,0.0008225241552029353,5,10243.2,8.696223711289539,6.243134880065918,0.11555244009123888,0.09537948139130123,11.802552263284648,0.9040677928448864,0.0007405400314082156,0.2767120361328125,20.148344879150393,25.02000549316405,56.56702728271485,0.42929929073036266,0.6668055606648314,0.8976319460828514,0.5147790836525894,0.4852209163474105,250,0.05,3,4.0,0.8,0.8,1.0,0.0,20260520,1,hist,0
raw_depth_geometry_metadata_xgb,xgb_medium,13,bbox_only__inner50_median__object_depth | bbox_width_px | bbox_height_px | bbox_width_norm | bbox_height_norm | bbox_area_ratio | bbox_aspect_ratio | bbox_center_x_norm | bbox_center_y_norm | weather=clear_sky | weather=light_rain | time_of_day=10AM | time_of_day=8PM,8.330460678317031,0.1100830397565105,11.361855952020703,0.9111324708377199,-0.01848966255667656,5,10243.2,8.330404844396256,5.9819496154785154,0.11008214295930467,0.0902258472442627,11.361189924805915,0.9111082792940547,-0.018575098410270045,0.24598331451416017,19.3583317565918,24.150192413330075,56.99081268310547,0.44208918102773254,0.6824060591856062,0.9091314437167064,0.5131004929982803,0.48689950700171963,300,0.05,4,2.0,0.8,0.8,1.0,0.0,20260520,1,hist,0
raw_depth_geometry_metadata_xgb,xgb_deep,13,bbox_only__inner50_median__object_depth | bbox_width_px | bbox_height_px | bbox_width_norm | bbox_height_norm | bbox_area_ratio | bbox_aspect_ratio | bbox_center_x_norm | bbox_center_y_norm | weather=clear_sky | weather=light_rain | time_of_day=10AM | time_of_day=8PM,7.753606902402254,0.1027503452005498,10.641826084923329,0.922039096804804,-0.033073294948540936,5,10243.2,7.753568667759096,5.646280670166016,0.10274961051191475,0.08158351095895919,10.641601168928094,0.9220243250543749,-0.033181622736713066,0.22801551818847657,17.993464126586918,22.60433578491211,58.08802947998047,0.4601126551681893,0.7097417353537108,0.9251995478628416,0.515890380251026,0.48410961974897404,350,0.05,6,2.0,0.8,0.8,1.0,0.0,20260520,1,hist,0
raw_depth_geometry_metadata_xgb,xgb_regularized,13,bbox_only__inner50_median__object_depth | bbox_width_px | bbox_height_px | bbox_width_norm | bbox_height_norm | bbox_area_ratio | bbox_aspect_ratio | bbox_center_x_norm | bbox_center_y_norm | weather=clear_sky | weather=light_rain | time_of_day=10AM | time_of_day=8PM,8.10971546914197,0.10706906710821024,11.07584432486895,0.9155502762074866,-0.013171673007251247,5,10243.2,8.10966424913438,5.870869827270508,0.10706821745534272,0.08640782916356647,11.075398422610148,0.9155304694849631,-0.013259716610676198,0.2763925552368164,18.73425407409668,23.415915756225573,57.275132751464845,0.44896346844854473,0.690821264302244,0.9161604175539543,0.5177863107310989,0.4822136892689013,450,0.03,5,3.0,0.85,0.85,2.0,0.1,20260520,1,hist,0
small_xgb_depth_only_xgb,xgb_shallow,1,depth_lower_model_prediction,21.485049885312158,0.3874450351308976,27.501754101162124,0.47932666508313837,-0.05882350685670204,5,10243.2,21.485025150226626,17.234297943115234,0.38744390866179246,0.23441855926513672,27.5006246764632,0.47927153824626956,-0.05889641188284341,0.5043571472167969,46.10160820007325,55.03852134704589,100.0719123840332,0.16444306933824085,0.3126797983295145,0.5619953414925385,0.507357056699233,0.49264294330076697,250,0.05,3,4.0,0.8,0.8,1.0,0.0,20260520,1,hist,0
small_xgb_depth_only_xgb,xgb_medium,1,depth_lower_model_prediction,21.504219058155083,0.38763329528190416,27.52182018164637,0.4785665910498841,-0.05795615563277936,5,10243.2,21.504197637569927,17.261223602294923,0.387632205062601,0.2344798361884223,27.520706463308574,0.4785121651287219,-0.05803085590064405,0.5453670501708985,46.20122756958011,55.02888355255125,100.10378341674804,0.16428763509142832,0.31098174506292364,0.5615460538541315,0.5080231727037201,0.49197682729627984,300,0.05,4,2.0,0.8,0.8,1.0,0.0,20260520,1,hist,0
small_xgb_depth_only_xgb,xgb_deep,1,depth_lower_model_prediction,21.530838898888458,0.388023891208887,27.551795182194237,0.4774301488964108,-0.04094677632840415,5,10243.2,21.53081957232963,17.271612930297852,0.388022799877103,0.23490309542701357,27.55067394373352,0.47737584498608576,-0.04102296605552084,0.4999713897705078,46.19204879760743,55.14683990478515,100.3433235168457,0.1641519458015888,0.3126401937869478,0.5603743538799657,0.5075745413968928,0.4924254586031071,350,0.05,6,2.0,0.8,0.8,1.0,0.0,20260520,1,hist,0
small_xgb_depth_only_xgb,xgb_regularized,1,depth_lower_model_prediction,21.515343324499778,0.38778053209501334,27.534221135214377,0.4780965837424457,-0.053877117335144636,5,10243.2,21.515322931451955,17.26579055786133,0.3877794675445271,0.23444376370526743,27.53310119355877,0.4780420219395206,-0.05395118158625416,0.47855453491210936,46.19082839965823,55.061070899963376,100.24879302978516,0.16391705219244596,0.3122506365875928,0.5613308895618326,0.5080232187842739,0.4919767812157261,450,0.03,5,3.0,0.85,0.85,2.0,0.1,20260520,1,hist,0
stacked_xgb_depth_geometry_metadata_xgb,xgb_shallow,13,depth_lower_model_prediction | bbox_width_px | bbox_height_px | bbox_width_norm | bbox_height_norm | bbox_area_ratio | bbox_aspect_ratio | bbox_center_x_norm | bbox_center_y_norm | weather=clear_sky | weather=light_rain | time_of_day=10AM | time_of_day=8PM,8.886083725913172,0.12010650882051044,11.930278362177894,0.9020181350410353,-0.03925662288737275,5,10243.2,8.88605223321802,6.52681713104248,0.12010611585127329,0.09892548288617815,11.929903146062134,0.9019967257884767,-0.03932273598162282,0.19887256622314453,20.32768600463868,25.071537704467772,56.34108276367188,0.40956127660719854,0.6563979747348732,0.8957958308023712,0.5100736501960308,0.48992634980396915,250,0.05,3,4.0,0.8,0.8,1.0,0.0,20260520,1,hist,0
stacked_xgb_depth_geometry_metadata_xgb,xgb_medium,13,depth_lower_model_prediction | bbox_width_px | bbox_height_px | bbox_width_norm | bbox_height_norm | bbox_area_ratio | bbox_aspect_ratio | bbox_center_x_norm | bbox_center_y_norm | weather=clear_sky | weather=light_rain | time_of_day=10AM | time_of_day=8PM,8.550707694386288,0.11522457937599156,11.52753810384829,0.9085217852607664,-0.04799940382380368,5,10243.2,8.550676341346437,6.335594367980957,0.11522399070081475,0.0940420118564898,11.527236476677064,0.9085017671818825,-0.04806219505882584,0.22781524658203126,19.57349716186524,24.248773956298827,56.221188354492185,0.42229242686976115,0.6703387661360873,0.9062014249481066,0.5121434142910319,0.4878565857089681,300,0.05,4,2.0,0.8,0.8,1.0,0.0,20260520,1,hist,0
stacked_xgb_depth_geometry_metadata_xgb,xgb_deep,13,depth_lower_model_prediction | bbox_width_px | bbox_height_px | bbox_width_norm | bbox_height_norm | bbox_area_ratio | bbox_aspect_ratio | bbox_center_x_norm | bbox_center_y_norm | weather=clear_sky | weather=light_rain | time_of_day=10AM | time_of_day=8PM,7.988070573184089,0.10792609832434089,10.829870781279705,0.9192595627214458,-0.06296076166819722,5,10243.2,7.9880479104046405,5.940224647521973,0.10792566314565515,0.08606696619306292,10.829555093741126,0.9192453919042796,-0.06304410563920733,0.18836002349853515,18.089288253784183,22.772419853210444,57.033993530273435,0.44234348993394795,0.6957815277065222,0.924730156081392,0.5128468068366838,0.4871531931633162,350,0.05,6,2.0,0.8,0.8,1.0,0.0,20260520,1,hist,0
stacked_xgb_depth_geometry_metadata_xgb,xgb_regularized,13,depth_lower_model_prediction | bbox_width_px | bbox_height_px | bbox_width_norm | bbox_height_norm | bbox_area_ratio | bbox_aspect_ratio | bbox_center_x_norm | bbox_center_y_norm | weather=clear_sky | weather=light_rain | time_of_day=10AM | time_of_day=8PM,8.323267338891135,0.11212042134291374,11.228559644722004,0.9132054115764416,-0.05876061699234743,5,10243.2,8.323237865532862,6.225879096984864,0.11211988089218974,0.09109704464503696,11.228297220104766,0.9131886307789747,-0.05882522708353253,0.24379425048828124,18.889141159057623,23.571041374206537,57.062373352050784,0.42840320314614005,0.6798472719613529,0.9151834261564439,0.5147012161339368,0.48529878386606323,450,0.03,5,3.0,0.85,0.85,2.0,0.1,20260520,1,hist,0
