model_name,split_name,grouping,weather,time_of_day,distance_range,count,mean_true_distance_m,std_true_distance_m,mean_prediction_m,mae,median_absolute_error,mean_relative_error,median_relative_error,rmse,r2,mean_signed_error,median_signed_error,p90_absolute_error,p95_absolute_error,max_absolute_error,within_5m_rate,within_10m_rate,within_20m_rate,overprediction_rate,underprediction_rate
rf_winner_baseline,cv_oof,weather,clear_sky,,,25656,77.14764577486747,37.76205841489366,77.0053086066296,7.73401468656277,5.637903439153444,0.10081488277731879,0.07880830687830692,10.677160100022805,0.9200533647228204,-0.14233716823787695,0.1949972264891695,17.968164682539694,22.641457581111865,51.6811838624339,0.4633224197068912,0.7070860617399439,0.9255144995322732,0.5312207670720299,0.45981446835048334
rf_winner_baseline,cv_oof,weather,light_rain,,,25560,77.29890453834116,38.46269068460769,77.21446044464668,7.8475339188413065,5.572966269841272,0.10125243471470233,0.07563740079365067,11.049302177418735,0.9174740795251248,-0.08444409369447335,0.06666666666666643,18.613506603146366,23.932007733007726,64.08048296610798,0.46443661971830985,0.7068466353677622,0.9158450704225352,0.519640062597809,0.4667057902973396
rf_winner_baseline,cv_oof,time_of_day,,10AM,,33992,77.04283360790774,37.95557412334891,76.85330418023632,7.862885129063272,5.675724691974715,0.10127902055165935,0.07815155053629862,10.975516010638856,0.9163821945745633,-0.18952942767142816,0.1225000000000005,18.36435050268714,23.322342487373685,64.08048296610798,0.4615791951047305,0.7013120734290421,0.9204224523417275,0.5259472817133443,0.46096140268298424
rf_winner_baseline,cv_oof,time_of_day,,8PM,,17224,77.578959591268,38.420497333581245,77.61566946599312,7.64814540506964,5.49577010952008,0.1005482116378703,0.07519058574150003,10.641936267183132,0.9232788078157836,0.03670987472511997,0.10555555555555429,18.100972730972746,23.014071765274135,47.925791338291305,0.46841616349280074,0.7181258708778449,0.9212145843009754,0.5244426381792847,0.46777751973989784
rf_winner_baseline,cv_oof,distance_range,,,far,12700,129.4283464566929,14.719288848138296,123.1984289083557,11.882887980228691,10.18115456098053,0.09051531103439416,0.07861641352702131,14.661989411899636,0.007770471636078358,-6.2299175483372276,-6.2665515318015395,24.195912878787894,28.312043452328368,55.22833333333334,0.2511023622047244,0.4931496062992126,0.8231496062992126,0.3197637795275591,0.6802362204724409
rf_winner_baseline,cv_oof,distance_range,,,mid,17092,84.94734378656682,11.168697191096301,86.36821172485939,9.007710879717058,7.344688678767625,0.10632910493922129,0.08760653076978586,11.639785185397338,-0.0861377241171053,1.4208679382925737,0.41668864768129055,18.66710494244318,23.20018816368814,55.49117604617601,0.3527966300023403,0.6377252515796864,0.9189679382167095,0.5145682190498478,0.4854317809501521
rf_winner_baseline,cv_oof,distance_range,,,near,21424,40.113890963405524,14.297271517198844,42.4021790813781,4.393874909401137,2.6520634920634905,0.10304319231164612,0.06646902557319229,6.83033080384227,0.771767679541788,2.2882881179725736,0.7330687830687879,10.46468253968254,14.412227988061318,64.08048296610798,0.6786314413741599,0.8889563106796117,0.9798823749066468,0.6560399551904407,0.31693427931292006
rf_winner_baseline,cv_oof,weather__distance_range,clear_sky,,far,6120,129.83333333333334,14.695882220825192,123.32705031686675,12.398156844391716,11.116956686353205,0.09404484849550021,0.08519437516388612,15.071364629497296,-0.05175316788376194,-6.5062830164665835,-7.052267549576328,24.54694444444444,28.349306025304674,48.038908730158724,0.23333333333333334,0.4549019607843137,0.8112745098039216,0.3191176470588235,0.6808823529411765
rf_winner_baseline,cv_oof,weather__distance_range,clear_sky,,mid,8860,85.05643340857787,11.234579515748619,86.74051092102076,8.680342684083158,7.194778207903223,0.10282597050554569,0.08547243523672088,11.133009529466113,0.017999934464397294,1.684077512442882,0.9142374449398574,17.750841207038555,21.762556948452765,51.6811838624339,0.358803611738149,0.6522573363431151,0.9325056433408578,0.5344243792325056,0.46557562076749437
rf_winner_baseline,cv_oof,weather__distance_range,clear_sky,,near,10676,40.382165605095544,14.263618131600492,42.37221083853696,4.27494611556766,2.737089947089949,0.10302679477925203,0.0676040564373898,6.394605978820658,0.799012905422988,1.9900452334414187,0.744007936507936,10.09083570296805,13.45193743158182,47.925791338291305,0.6819033345822405,0.8971524915698763,0.9852004496065943,0.6501498688647434,0.32830648182840017
rf_winner_baseline,cv_oof,weather__distance_range,light_rain,,far,6580,129.0516717325228,14.731035573217985,123.07879927004447,11.403640951554264,9.3008432104388,0.08723251935324385,0.07269256384517275,14.270696275792499,0.06152270566330387,-5.972872462478312,-5.772821926025401,24.004571789321766,28.232205808080774,55.22833333333334,0.267629179331307,0.5287234042553192,0.8341945288753799,0.3203647416413374,0.6796352583586626
rf_winner_baseline,cv_oof,weather__distance_range,light_rain,,mid,8232,84.82993197278911,11.096153567757593,85.96751069497724,9.360053228273468,7.534065466697058,0.11009948529422198,0.09036690995842808,12.161649146427136,-0.20126831787670163,1.1375787221881357,-0.17242384159051483,19.66406755674098,24.660924580739568,55.49117604617601,0.3463313896987366,0.6220845481049563,0.9043974732750243,0.4931972789115646,0.5068027210884354
rf_winner_baseline,cv_oof,weather__distance_range,light_rain,,near,10748,39.847413472273914,14.325648510845257,42.43194656933604,4.512007008672275,2.555317460317463,0.10305947999827055,0.0651450066137567,7.237212866277301,0.744780348856017,2.584533097062135,0.7238095238095248,11.035653679653684,15.351048819190957,64.08048296610798,0.6753814663193152,0.8808150353554149,0.9745999255675475,0.6618905842947526,0.30563825828061036
rf_winner_baseline,cv_oof,time_of_day__distance_range,,10AM,far,8176,129.93639921722112,14.714200509147771,123.65073188560484,12.328337349088187,10.927783189033164,0.09380144340607187,0.08357101088874977,15.060042236687206,-0.04756032098622831,-6.285667331616283,-6.565339345595476,24.451075928447395,28.457905205841843,55.22833333333334,0.23617906066536204,0.46135029354207435,0.8137230919765166,0.3313356164383562,0.6686643835616438
rf_winner_baseline,cv_oof,time_of_day__distance_range,,10AM,mid,11580,84.94645941278065,11.166299860585184,85.85733957562883,8.921921112082536,7.280193496590556,0.10520993923896321,0.08722988387274105,11.570143153436122,-0.07364051629401747,0.9108801628481686,-0.0875634867350712,18.369764674982164,22.933715421152947,55.49117604617601,0.35682210708117446,0.642573402417962,0.9232297063903282,0.4968911917098446,0.5031088082901555
rf_winner_baseline,cv_oof,time_of_day__distance_range,,10AM,near,14236,40.23602135431301,14.203610521903618,42.65251050239575,4.4368403106952785,2.649877946127951,0.10237600231222017,0.06626344596761283,6.96291366639651,0.759682990627417,2.416489148082731,0.7861507936507941,10.549183841520804,14.519243071556572,64.08048296610798,0.6762433267771846,0.886906434391683,0.9794183759483001,0.6613515032312447,0.30738971621241923
rf_winner_baseline,cv_oof,time_of_day__distance_range,,8PM,far,4524,128.51016799292663,14.68395712596478,122.3810042527436,11.077849509893754,8.905158730158718,0.08457644757930202,0.07017871960622424,13.913751004426809,0.10215320099003844,-6.129163740183038,-5.977349099823044,23.75715649668961,27.9667390734266,43.09600958814657,0.2780725022104332,0.5506189213085765,0.8401856763925729,0.2988505747126437,0.7011494252873564
rf_winner_baseline,cv_oof,time_of_day__distance_range,,8PM,mid,5512,84.94920174165458,11.17373176946548,87.44148811965074,9.18794409982006,7.5094506003256,0.10868032750979242,0.08826719004099956,11.784753648474213,-0.11235787374650874,2.4922863779961673,1.38153217378553,19.30469157231658,23.694041773619514,46.19925788202869,0.3443396226415094,0.6275399129172714,0.9100145137880987,0.5517053701015965,0.44829462989840346
rf_winner_baseline,cv_oof,time_of_day__distance_range,,8PM,near,7188,39.872008903728435,14.477940967244129,41.9063919208874,4.30878093989315,2.6574404761904837,0.10436457751362548,0.0667636243386241,6.559843105439251,0.7947073968901417,2.0343830171589667,0.6349404761904776,10.244873015873,14.244715013730117,47.925791338291305,0.6833611574846967,0.8930161380077908,0.9808013355592654,0.6455203116304953,0.33583750695603787
rf_winner_baseline,test,weather,clear_sky,,,4532,77.59488084730803,37.62207022439134,77.52171147735102,7.625599098508837,5.622373267255625,0.09924850028507164,0.07519295958993784,10.536237855310796,0.9215693610590738,-0.07316936995701527,0.12534090909090523,17.88663490870728,22.9023957012773,47.179642857142824,0.4653574580759047,0.718667255075022,0.925198587819947,0.527802294792586,0.46293027360988526
rf_winner_baseline,test,weather,light_rain,,,4508,77.55545696539485,38.7451835623601,77.2260610029988,7.7996420897187155,5.407424712445351,0.0987396626088795,0.07401202404226634,11.183604527971088,0.9166840487980037,-0.32939596239605223,0.030352783790265292,18.48513024013022,24.34718739123022,55.73634916009911,0.47138420585625557,0.7109582963620231,0.9154835847382431,0.5102040816326531,0.4744897959183674
rf_winner_baseline,test,time_of_day,,10AM,,6000,77.07,38.26092567271907,76.83037915813613,7.68437245012441,5.428310948310941,0.09822486779379017,0.07436154254858195,10.85707628699183,0.919477948184456,-0.23962084186386648,0.09805555555555934,18.094060468126624,23.279049635251194,55.73634916009911,0.4725,0.7113333333333334,0.922,0.526,0.461
rf_winner_baseline,test,time_of_day,,8PM,,3040,78.57236842105263,38.01879763140794,78.44776462765019,7.767686498074853,5.61246362433862,0.10051427485856335,0.07540063981108905,10.87731036636538,0.9181447978498651,-0.12460379340243465,0.01812169312169054,18.169525654900617,24.232722991129428,48.49657571960199,0.46019736842105263,0.7217105263157895,0.9171052631578948,0.5052631578947369,0.48388157894736844
rf_winner_baseline,test,distance_range,,,far,2244,130.0891265597148,14.76467478540391,124.44793773053729,11.768010606926154,9.884532172909829,0.08941095969623392,0.07689939291993621,14.57870591133923,0.025032408593378408,-5.6411888291775,-5.62321785366192,24.605708716235057,28.307191307032856,51.01071067821066,0.2557932263814617,0.5035650623885918,0.8186274509803921,0.3360071301247772,0.6639928698752228
rf_winner_baseline,test,distance_range,,,mid,3016,85.0,11.180339887498949,85.84252003340086,9.052474501056565,7.365635893246182,0.10659227594980901,0.08732701627716133,11.88127738478319,-0.1293180183532836,0.8425200334008675,-0.15031120567886802,18.20892493547707,23.497042355488077,55.73634916009911,0.35245358090185674,0.6485411140583555,0.9204244031830239,0.4937002652519894,0.5062997347480106
rf_winner_baseline,test,distance_range,,,near,3780,40.476190476190474,14.167767064105991,42.67229278539965,4.235535121101884,2.493908730158733,0.09862224987031762,0.06015232683982674,6.591786839481584,0.7835271204463544,2.1961023092091776,0.6091666666666722,10.321366663837264,13.872838035697388,48.664002018936245,0.687037037037037,0.8931216931216931,0.9806878306878307,0.6478835978835978,0.32275132275132273
rf_winner_baseline,test,weather__distance_range,clear_sky,,far,1080,130.94444444444446,14.817927913656517,125.59146043227743,12.118990273694829,10.710930359625827,0.09135467979459069,0.08289438465906188,14.725130294163105,0.012485827492642376,-5.352984012166995,-6.181695435621712,24.132434074482248,27.749657320614027,39.667052368927344,0.23981481481481481,0.4740740740740741,0.8138888888888889,0.35555555555555557,0.6444444444444445
rf_winner_baseline,test,weather__distance_range,clear_sky,,mid,1564,84.45012787723785,10.900242552688109,85.33144194698266,8.394325410321755,7.049858025746197,0.10016575920569633,0.08235986263895728,10.782032986858498,0.02157173901761711,0.8813140697448237,0.3230390211640426,17.056448921448915,20.90579120022135,47.179642857142824,0.3663682864450128,0.6822250639386189,0.9392583120204604,0.5089514066496164,0.49104859335038364
rf_winner_baseline,test,weather__distance_range,clear_sky,,near,1888,41.398305084745765,14.012488274240832,43.55468429206264,4.418421968807419,2.636423160173173,0.10300418523097335,0.062148809523809675,6.7926877316119,0.7650081633644737,2.1563792073168724,0.6040211640211641,10.45054126632175,14.843284425163644,43.51408794162825,0.6763771186440678,0.888771186440678,0.9772245762711864,0.6419491525423728,0.3358050847457627
rf_winner_baseline,test,weather__distance_range,light_rain,,far,1164,129.29553264604812,14.670561517261435,123.38693728562373,11.442359369718107,9.332673039217937,0.08760750805858333,0.07185475306661229,14.441520522443478,0.030980827536790767,-5.90859536042436,-5.406535744348226,25.26171552962284,28.756736292316035,51.01071067821066,0.2706185567010309,0.5309278350515464,0.8230240549828178,0.3178694158075601,0.6821305841924399
rf_winner_baseline,test,weather__distance_range,light_rain,,mid,1452,85.59228650137742,11.444880290092861,86.39302012097528,9.761389912839789,7.860902678476208,0.1135145019744593,0.09251117866539124,12.961438805608031,-0.28257839113809635,0.8007336195978733,-0.8689323693735602,19.979335736863902,25.31585317460318,55.73634916009911,0.33746556473829203,0.6122589531680441,0.900137741046832,0.4772727272727273,0.5227272727272727
rf_winner_baseline,test,weather__distance_range,light_rain,,near,1892,39.55602536997886,14.261730850992944,41.791766799892414,4.053034926351328,2.2592460317460343,0.09424957864361676,0.05767783344579376,6.385012587689112,0.7995624695240702,2.2357414299135496,0.6153373015873012,10.141337301587294,13.309936864061847,48.664002018936245,0.6976744186046512,0.8974630021141649,0.9841437632135307,0.6538054968287527,0.3097251585623679
rf_winner_baseline,test,time_of_day__distance_range,,10AM,far,1444,130.42936288088643,14.72353240629731,125.03884882855856,12.107064054076092,10.604801214876318,0.0920250441621511,0.08198883203202438,14.765391641632844,-0.0056941143487316825,-5.390514052327877,-5.5273714797779405,24.339933787428336,27.975366563495655,51.01071067821066,0.23337950138504154,0.47368421052631576,0.8137119113573407,0.3559556786703601,0.6440443213296398
rf_winner_baseline,test,time_of_day__distance_range,,10AM,mid,2044,85.12720156555773,11.292822989530752,85.23550305294448,8.901495207660668,7.320844155844178,0.10465578811122657,0.0862927989458965,11.759741465072198,-0.08440249060821503,0.10830148738675191,-0.8088229281611632,18.007658029878623,22.596997129413815,55.73634916009911,0.3561643835616438,0.6580234833659491,0.928082191780822,0.4706457925636008,0.5293542074363993
rf_winner_baseline,test,time_of_day__distance_range,,10AM,near,2512,39.84076433121019,13.879834409583346,42.27898447458588,4.151663217437174,2.305555555555557,0.09655597615177053,0.05794220594220617,6.610541013887985,0.7731674169299154,2.438220143375691,0.6907142857142823,10.380183706816053,14.002193737226909,48.664002018936245,0.7046178343949044,0.8913216560509554,0.9792993630573248,0.6687898089171974,0.3001592356687898
rf_winner_baseline,test,time_of_day__distance_range,,8PM,far,800,129.475,14.818885754333891,123.38134319860892,11.15601913482052,8.663898809523772,0.08469253723525341,0.06753966570466555,14.235541848529664,0.07718019816204225,-6.0936568013910675,-5.898764691427715,25.376692159692197,29.203265308725847,39.08651228115549,0.29625,0.5575,0.8275,0.3,0.7
rf_winner_baseline,test,time_of_day__distance_range,,8PM,mid,972,84.73251028806584,10.935202559409966,87.11900430094497,9.369965936963167,7.494007034632055,0.11066447877086096,0.08964722109166567,12.132881699393497,-0.23104594471823026,2.38649401287911,0.9617566358449992,19.18741725866729,25.08097135734632,48.49657571960199,0.3446502057613169,0.6286008230452675,0.904320987654321,0.5421810699588477,0.45781893004115226
rf_winner_baseline,test,time_of_day__distance_range,,8PM,near,1268,41.73501577287066,14.640351020265758,43.45146508568688,4.401691447604842,2.912014652014662,0.10271568802567273,0.06930140923890951,6.554475008018735,0.7995653303888492,1.7164493128162115,0.3903637566137501,10.107299755799755,13.782701719576721,43.51408794162825,0.6522082018927445,0.8966876971608833,0.9834384858044164,0.6064668769716088,0.3675078864353312
xgb_winner_baseline,cv_oof,weather,clear_sky,,,25656,77.14764577486747,37.76205841489366,77.11262080012953,7.683681010084803,5.684238433837891,0.10268638621779806,0.08213799285888672,10.437540670677876,0.9236014630049962,-0.03502497473794945,0.31548500061035156,17.7738037109375,21.989501953125,54.8824462890625,0.45747583411287807,0.7112956033676333,0.9289444964140942,0.5216323666978484,0.47836763330215154
xgb_winner_baseline,cv_oof,weather,light_rain,,,25560,77.29890453834116,38.46269068460769,77.26779025343475,7.823795427179113,5.602939605712891,0.10281454440483304,0.08084468012270721,10.84300895229316,0.920526871789145,-0.031114284906402254,0.15137195587158203,18.229230499267587,23.182874679565426,69.4636459350586,0.46275430359937403,0.7081768388106416,0.9214397496087637,0.510133020344288,0.4898669796557121
xgb_winner_baseline,cv_oof,time_of_day,,10AM,,33992,77.04283360790774,37.95557412334891,76.99698923469627,7.80232170941718,5.655189514160156,0.10285516347936106,0.08187833786010743,10.743898542831102,0.9198741468046101,-0.045844373211464506,0.24968910217285156,18.082382202148438,22.793244171142565,69.4636459350586,0.4595198870322429,0.7081077900682513,0.9234819957637092,0.5179453989173923,0.48205460108260767
xgb_winner_baseline,cv_oof,time_of_day,,8PM,,17224,77.578959591268,38.420497333581245,77.57109034255222,7.657466997615249,5.597270965576172,0.10254348367399663,0.08089151797087296,10.437455000544716,0.9261988264790824,-0.007869248715767017,0.17940521240234375,17.79766540527344,22.21438255310058,49.171791076660156,0.4612749651648862,0.7129586623316303,0.9285880167208547,0.5118439386901997,0.48815606130980027
xgb_winner_baseline,cv_oof,distance_range,,,far,12700,129.4283464566929,14.719288848138296,123.79367590536283,11.60035018019789,10.082191467285156,0.08850830539844849,0.07777178955078125,14.293583873697663,0.05700668696734257,-5.634670551330085,-5.897491455078125,23.41157379150391,27.335152053833,69.4636459350586,0.25086614173228344,0.4959055118110236,0.8341732283464567,0.3362204724409449,0.6637795275590551
xgb_winner_baseline,cv_oof,distance_range,,,mid,17092,84.94734378656682,11.168697191096301,86.32505842128961,8.869516592295811,7.366069793701172,0.10490097514173044,0.0881188021765815,11.344175432794852,-0.03167007964043189,1.3777146347228018,0.4568977355957031,18.16173706054687,22.526858520507805,54.8824462890625,0.34805757079335364,0.643985490287854,0.9244675871752867,0.5183126608939855,0.4816873391060145
xgb_winner_baseline,cv_oof,distance_range,,,near,21424,40.113890963405524,14.297271517198844,42.27588384947374,4.583014667167692,2.9583559036254883,0.10947716271978186,0.07874191602071126,6.8520359860360935,0.7703148377150788,2.161992886068217,1.0146665573120117,10.529192733764654,14.313768386840815,62.24467468261719,0.6735436893203883,0.8889563106796117,0.9797423450336071,0.6204723674383869,0.37952763256161315
xgb_winner_baseline,cv_oof,weather__distance_range,clear_sky,,far,6120,129.83333333333334,14.695882220825192,124.26274408078662,11.9770665312125,10.702064514160156,0.09110184016811744,0.08155514260996943,14.607797920191862,0.011951690835322215,-5.570589252546722,-6.069297790527344,23.634902954101562,27.544917297363284,49.171791076660156,0.23676470588235293,0.47058823529411764,0.8218954248366013,0.3405228758169935,0.6594771241830065
xgb_winner_baseline,cv_oof,weather__distance_range,clear_sky,,mid,8860,85.05643340857787,11.234579515748619,86.40129998725908,8.49720654240042,7.210041046142578,0.10097225094928186,0.08578040940420968,10.753513303596355,0.08380670614417352,1.3448665786812053,0.8408050537109375,17.264392852783203,20.930863380432093,54.8824462890625,0.35553047404063204,0.6590293453724605,0.9396162528216704,0.5341986455981941,0.46580135440180587
xgb_winner_baseline,cv_oof,weather__distance_range,clear_sky,,near,10676,40.382165605095544,14.263618131600492,42.375223640557664,4.547360702327415,3.0616207122802734,0.11074976766244948,0.07880516052246095,6.59637817241511,0.7861291057979771,1.9930580354621232,1.0006589889526367,10.260953903198242,13.95109748840332,39.137657165527344,0.6686024728362683,0.8926564256275759,0.9814537279880104,0.6150243536905208,0.3849756463094792
xgb_winner_baseline,cv_oof,weather__distance_range,light_rain,,far,6580,129.0516717325228,14.731035573217985,123.35739973004466,11.249969622719252,9.508785247802734,0.08609608157012417,0.0742245218028193,13.995005436422884,0.09743271769577966,-5.694272002478138,-5.7717437744140625,23.18227615356445,26.95374870300289,69.4636459350586,0.2639817629179331,0.5194528875379939,0.8455927051671732,0.3322188449848024,0.6677811550151975
xgb_winner_baseline,cv_oof,weather__distance_range,light_rain,,mid,8232,84.82993197278911,11.096153567757593,86.24300056481616,9.270229303917917,7.532350540161133,0.10912941250143575,0.091263181898329,11.947313969110251,-0.15929946780877358,1.413068592027047,0.043361663818359375,19.29620590209961,23.829335784912104,52.398345947265625,0.3400145772594752,0.6277939747327502,0.9081632653061225,0.5012147716229349,0.4987852283770651
xgb_winner_baseline,cv_oof,weather__distance_range,light_rain,,near,10748,39.847413472273914,14.325648510845257,42.177209527775574,4.618429788923813,2.861452102661133,0.10821308285674508,0.07867191632588705,7.096869530829597,0.7545827643736213,2.329796055501662,1.031698226928711,10.782097625732426,14.903600692749016,62.24467468261719,0.6784518049869743,0.8852809825083736,0.9780424264979531,0.6258838853740231,0.37411611462597694
xgb_winner_baseline,cv_oof,time_of_day__distance_range,,10AM,far,8176,129.93639921722112,14.714200509147771,124.24456009519544,12.013916384217325,10.633964538574219,0.09148629409582097,0.08097907290251358,14.66925783834539,0.006099418709552218,-5.6918391220257005,-6.074951171875,23.742595672607422,27.832199096679688,69.4636459350586,0.23165362035225048,0.4711350293542074,0.8225293542074364,0.34319960861056753,0.6568003913894325
xgb_winner_baseline,cv_oof,time_of_day__distance_range,,10AM,mid,11580,84.94645941278065,11.166299860585184,86.02158984017908,8.753069713572764,7.21656608581543,0.1032941285382467,0.08625484345451234,11.274862833232383,-0.019539277838231728,1.0751304273984181,0.18832778930664062,17.974626922607424,22.404526138305663,54.8824462890625,0.3561312607944732,0.6540587219343696,0.9266839378238342,0.5087219343696028,0.4912780656303972
xgb_winner_baseline,cv_oof,time_of_day__distance_range,,10AM,near,14236,40.23602135431301,14.203610521903618,42.520941583183784,4.610156779009226,2.911996841430664,0.10902744928281204,0.07813465118408203,6.973506802648559,0.7589512144129552,2.2849202288707744,1.0675420761108398,10.558063507080078,14.482836723327637,62.24467468261719,0.6744872155099747,0.8881708345040742,0.978856420342793,0.6258078111829165,0.37419218881708344
xgb_winner_baseline,cv_oof,time_of_day__distance_range,,8PM,far,4524,128.51016799292663,14.68395712596478,122.9788153536229,10.852932566567715,9.124073028564453,0.08312633466685752,0.07128434244791666,13.58832584506906,0.14366106659642952,-5.531352639303705,-5.5730133056640625,22.54894485473633,26.501312255859375,49.171791076660156,0.28558797524314766,0.5406719717064544,0.8552166224580018,0.32360742705570295,0.6763925729442971
xgb_winner_baseline,cv_oof,time_of_day__distance_range,,8PM,mid,5512,84.94920174165458,11.17373176946548,86.96260671034261,9.114156442733565,7.717384338378906,0.10827675229491285,0.09185333251953125,11.488430207701763,-0.05712147897244013,2.0134049686880346,1.1099929809570312,18.57724914550782,22.712104797363278,45.07063293457031,0.33109579100145137,0.622822931785196,0.9198113207547169,0.5384615384615384,0.46153846153846156
xgb_winner_baseline,cv_oof,time_of_day__distance_range,,8PM,near,7188,39.872008903728435,14.477940967244129,41.79054134848653,4.529259087844364,3.053640365600586,0.11036783056740326,0.08031481107076009,6.6048699248324745,0.791879464227975,1.918532444758089,0.8857517242431641,10.386007499694827,14.059806823730469,39.137657165527344,0.6716750139120757,0.8905119643850863,0.98149693934335,0.6099053978853645,0.3900946021146355
xgb_winner_baseline,test,weather,clear_sky,,,4532,77.59488084730803,37.62207022439134,77.5601836635492,7.7084622004341465,5.785030364990234,0.1024116472014933,0.08023412953252378,10.434720075184442,0.9230734551396901,-0.03469718375883582,0.27954959869384766,18.164474487304688,22.400801467895505,45.16874694824219,0.44902912621359226,0.7118270079435128,0.9249779346866726,0.5227272727272727,0.4772727272727273
xgb_winner_baseline,test,weather,light_rain,,,4508,77.55545696539485,38.7451835623601,77.3394099073063,7.751939080093641,5.526897430419922,0.10033743030992523,0.07748786078559028,10.885110164302679,0.9210721610578039,-0.21604705808854463,-0.1472949981689453,17.813793182373058,23.37127418518065,57.753570556640625,0.4709405501330967,0.716282165039929,0.926131322094055,0.4902395740905058,0.5097604259094942
xgb_winner_baseline,test,time_of_day,,10AM,,6000,77.07,38.26092567271907,77.00052839946747,7.68750861899058,5.555506706237793,0.10041512364019688,0.07793974876403809,10.65900282873713,0.9223891912744769,-0.06947160053253174,0.13497161865234375,18.012674713134768,22.912224960327148,57.753570556640625,0.4668333333333333,0.714,0.9263333333333333,0.5121666666666667,0.48783333333333334
xgb_winner_baseline,test,time_of_day,,8PM,,3040,78.57236842105263,38.01879763140794,78.3373821804398,7.814289589304673,5.835569381713867,0.10327630891879253,0.08037872314453126,10.667008810058569,0.9212793716933032,-0.23498624061283313,-0.06788825988769531,18.063988494873048,22.83174400329589,45.16874694824219,0.4463815789473684,0.7141447368421052,0.9240131578947368,0.4953947368421053,0.5046052631578948
xgb_winner_baseline,test,distance_range,,,far,2244,130.0891265597148,14.76467478540391,124.92946864449404,11.687015162857247,9.93172836303711,0.08900987569353716,0.07679046630859376,14.3338786670593,0.057503649795491496,-5.159657915220754,-5.660419464111328,23.48527069091797,27.245939254760742,44.76557159423828,0.24019607843137256,0.5017825311942959,0.8257575757575758,0.3516042780748663,0.6483957219251337
xgb_winner_baseline,test,distance_range,,,mid,3016,85.0,11.180339887498949,85.98022192036758,8.920812649815405,7.331268310546875,0.1052985283374425,0.08669879913330078,11.57316938033947,-0.07150599604821672,0.9802219203675774,0.013134002685546875,17.80097007751465,22.909780502319336,57.753570556640625,0.34980106100795755,0.6485411140583555,0.9290450928381963,0.5006631299734748,0.4993368700265252
xgb_winner_baseline,test,distance_range,,,near,3780,40.476190476190474,14.167767064105991,42.45786647493877,4.431126742892795,2.8566808700561523,0.10559052868579011,0.07392449378967285,6.558295910002684,0.7857212025278734,1.9816759987482948,0.8024129867553711,10.325372314453123,13.756893730163569,47.059539794921875,0.6783068783068783,0.8923280423280423,0.982010582010582,0.6031746031746031,0.3968253968253968
xgb_winner_baseline,test,weather__distance_range,clear_sky,,far,1080,130.94444444444446,14.817927913656517,126.0863835228814,12.189925045437283,10.826728820800781,0.09226023775756967,0.08159478229025136,14.767137024720027,0.006843580581919251,-4.858060921563043,-5.695186614990234,24.18511962890625,27.66701850891112,37.4749755859375,0.21944444444444444,0.4666666666666667,0.7944444444444444,0.3675925925925926,0.6324074074074074
xgb_winner_baseline,test,weather__distance_range,clear_sky,,mid,1564,84.45012787723785,10.900242552688109,85.23099293672216,8.28017348218757,7.0764923095703125,0.09914790586737456,0.08392579820421006,10.423863050400707,0.08549713601617626,0.7808650594843013,0.4283714294433594,16.383481979370117,19.634359169006334,45.16874694824219,0.36061381074168797,0.6707161125319693,0.9526854219948849,0.5198209718670077,0.48017902813299235
xgb_winner_baseline,test,weather__distance_range,clear_sky,,near,1888,41.398305084745765,14.012488274240832,43.447131994417155,4.671313727306107,3.079366683959961,0.11092224764958612,0.07605395317077637,6.827407104630823,0.7625998029453859,2.0488269096713956,0.9389019012451172,10.453107833862303,14.680228805541985,32.00501251220703,0.6536016949152542,0.8861228813559322,0.9766949152542372,0.6138771186440678,0.3861228813559322
xgb_winner_baseline,test,weather__distance_range,light_rain,,far,1164,129.29553264604812,14.670561517261435,123.85604246867072,11.220397746030407,9.178180694580078,0.08599407584031113,0.073174304464589,13.91983095029797,0.0997265379315383,-5.439490177377393,-5.519893646240234,22.877749633789065,27.179784393310545,44.76557159423828,0.25945017182130586,0.5343642611683849,0.8548109965635738,0.33676975945017185,0.6632302405498282
xgb_winner_baseline,test,weather__distance_range,light_rain,,mid,1452,85.59228650137742,11.444880290092861,86.78724267134653,9.610867510813984,7.574840545654297,0.11192357898701984,0.09017249213324653,12.695261047053895,-0.23044090969305553,1.1949561699691227,-0.6542816162109375,19.65732040405274,25.776162719726564,57.753570556640625,0.3381542699724518,0.6246556473829201,0.9035812672176309,0.4800275482093664,0.5199724517906336
xgb_winner_baseline,test,weather__distance_range,light_rain,,near,1892,39.55602536997886,14.261730850992944,41.47069242590326,4.191447553372535,2.6792640686035156,0.1002700818551099,0.07173577944437663,6.278265560541899,0.8062084255434213,1.9146670559243975,0.6866950988769531,10.117779541015635,13.120292472839347,47.059539794921875,0.7029598308668076,0.8985200845665962,0.9873150105708245,0.5924947145877378,0.40750528541226216
xgb_winner_baseline,test,time_of_day__distance_range,,10AM,far,1444,130.42936288088643,14.72353240629731,125.69293673613065,12.01042355989155,10.745475769042969,0.09151987530693265,0.0821386210123698,14.51451200378635,0.02819116140167588,-4.736426144755778,-5.419960021972656,23.609341430664067,27.132698059082024,44.76557159423828,0.21606648199445982,0.47229916897506924,0.8240997229916898,0.3760387811634349,0.6239612188365651
xgb_winner_baseline,test,time_of_day__distance_range,,10AM,mid,2044,85.12720156555773,11.292822989530752,85.60129398562437,8.776344747226066,7.097553253173828,0.10334720116346224,0.0841973876953125,11.479463386062152,-0.03332784582591719,0.4740924200666394,-0.3783149719238281,17.20453643798828,22.376304626464844,57.753570556640625,0.35518590998043054,0.6634050880626223,0.9324853228962818,0.48532289628180036,0.5146771037181996
xgb_winner_baseline,test,time_of_day__distance_range,,10AM,near,2512,39.84076433121019,13.879834409583346,42.01175352038851,4.3165411744148106,2.63580322265625,0.10314266031841311,0.07041581471761069,6.560674807635383,0.7765767044231607,2.170989189178321,0.8455228805541992,10.303228759765625,13.796746635437005,47.059539794921875,0.7018312101910829,0.8941082802547771,0.9800955414012739,0.6122611464968153,0.3877388535031847
xgb_winner_baseline,test,time_of_day__distance_range,,8PM,far,800,129.475,14.818885754333891,123.55140873908996,11.103263006210327,8.890262603759766,0.0844793263913583,0.07154971313476563,14.001937609406163,0.10721851181178088,-5.923591260910034,-5.757045745849609,23.171453094482423,27.261666870117175,38.270057678222656,0.28375,0.555,0.82875,0.3075,0.6925
xgb_winner_baseline,test,time_of_day__distance_range,,8PM,mid,972,84.73251028806584,10.935202559409966,86.77706214528025,9.224611407935374,7.887363433837891,0.1094019365098866,0.09317024775913783,11.767787768020726,-0.15807314386860516,2.044551857214406,0.8762359619140625,18.889192581176758,23.393057632446283,45.16874694824219,0.338477366255144,0.6172839506172839,0.9218106995884774,0.5329218106995884,0.4670781893004115
xgb_winner_baseline,test,time_of_day__distance_range,,8PM,near,1268,41.73501577287066,14.640351020265758,43.341648605719726,4.658129067827098,3.310077667236328,0.11043993352715525,0.08048927307128906,6.55358059133457,0.7996200288599626,1.6066328328490633,0.6433963775634766,10.422842407226561,13.670643043518057,30.19976806640625,0.6317034700315457,0.888801261829653,0.9858044164037855,0.5851735015772871,0.4148264984227129
equal_weight_blend,cv_oof,weather,clear_sky,,,25656,77.14764577486747,37.76205841489366,77.05896470337956,7.61106288891391,5.581337345752129,0.10019121055491377,0.07929158007110675,10.416699554385909,0.9239062553318672,-0.08868107148791299,0.2742636617024736,17.60455640235424,22.119770285514303,52.88212592230903,0.4653102588088556,0.7143358278765201,0.9302697224820705,0.5224898659183037,0.4775101340816963
equal_weight_blend,cv_oof,weather,light_rain,,,25560,77.29890453834116,38.46269068460769,77.24112534904071,7.7451505151697875,5.546816992576197,0.10063437228401084,0.07650972722184099,10.821301228135368,0.9208447639619184,-0.05777918930043775,0.14049159034850156,18.171274435745207,23.247696500416495,63.16257882436258,0.4663928012519562,0.7125195618153365,0.920774647887324,0.5138888888888888,0.4861111111111111
equal_weight_blend,cv_oof,time_of_day,,10AM,,33992,77.04283360790774,37.95557412334891,76.9251467074663,7.736024314865167,5.606228148903881,0.10051963284924595,0.07846975911488932,10.722949758252739,0.9201863058960773,-0.11768690044144628,0.22730891828184596,17.9444338902746,22.756340125831723,63.16257882436258,0.46452106377971286,0.7100788420804895,0.9243645563662038,0.5200929630501294,0.4799070369498706
equal_weight_blend,cv_oof,time_of_day,,8PM,,17224,77.578959591268,38.420497333581245,77.59337990427268,7.563431150419083,5.488806569189791,0.10020070214611103,0.07695521476704593,10.415502150588242,0.9265089484928366,0.014420313004676527,0.1546933431106563,17.70894025387015,22.3794238049117,45.89402072424906,0.4684742220157919,0.7200418021365537,0.9278332559219693,0.5144565722248026,0.4855434277751974
equal_weight_blend,cv_oof,distance_range,,,far,12700,129.4283464566929,14.719288848138296,123.49605240685926,11.648280420536596,10.060194030723736,0.08874217529086534,0.07803997899882811,14.329605208355979,0.05224781343051743,-5.932294049833655,-6.117659179335199,23.521799631810648,27.501677580003122,62.34598963419597,0.2514173228346457,0.4966929133858268,0.831732283464567,0.3259055118110236,0.6740944881889763
equal_weight_blend,cv_oof,distance_range,,,mid,17092,84.94734378656682,11.168697191096301,86.34663507307451,8.819919789340378,7.286587142320471,0.10421766837109782,0.08674029719979506,11.333874533441021,-0.02979734683212243,1.3992912865076876,0.4434679729435089,18.09650720675029,22.501927075963618,52.88212592230903,0.3557219751930728,0.6484905218815821,0.9259887666744676,0.5163234261642874,0.4836765738357126
equal_weight_blend,cv_oof,distance_range,,,near,21424,40.113890963405524,14.297271517198844,42.339031465425926,4.413379680054821,2.76020934945587,0.10429454068257052,0.0698479248046874,6.741217733957646,0.7776841742387932,2.225140502020395,0.8450177683381952,10.292976562063188,14.21063258301534,63.16257882436258,0.6808252427184466,0.8937173263629574,0.9807692307692307,0.6336818521284541,0.36631814787154593
equal_weight_blend,cv_oof,weather__distance_range,clear_sky,,far,6120,129.83333333333334,14.695882220825192,123.79489719882669,12.098117509311322,10.903091425995768,0.09183323438771833,0.08482036049035735,14.692619532239776,0.00044397830024189844,-6.038436134506653,-6.538700459277884,23.770993035992817,27.669077582984215,47.46769273788209,0.234640522875817,0.4609477124183007,0.8209150326797385,0.32826797385620915,0.6717320261437908
equal_weight_blend,cv_oof,weather__distance_range,clear_sky,,mid,8860,85.05643340857787,11.234579515748619,86.57090545413992,8.4663464098815,7.10503767717222,0.10045267988315915,0.08446150328744628,10.76882727370756,0.08119536476966027,1.5144720455620437,0.9053389409289991,17.202631571617527,21.007386280500874,52.88212592230903,0.3658013544018059,0.662528216704289,0.9409706546275395,0.5320541760722347,0.46794582392776524
equal_weight_blend,cv_oof,weather__distance_range,clear_sky,,near,10676,40.382165605095544,14.263618131600492,42.37371723954731,4.329067172109394,2.8443763403917757,0.10476541399206078,0.07090716248971435,6.385100463719004,0.7996099917518115,1.9915516344517712,0.8465549405415853,9.897993681771418,13.481274978819354,43.531724251909324,0.6801236418134132,0.9025852379168228,0.9840764331210191,0.6258898463844136,0.37411015361558636
equal_weight_blend,cv_oof,weather__distance_range,light_rain,,far,6580,129.0516717325228,14.731035573217985,123.21809950004456,11.229890909396573,9.297314878930486,0.08586720847129997,0.07262448617499388,13.983512623214223,0.09891450032448734,-5.833572232478226,-5.770898935466278,23.295681210506903,27.195791619958868,62.34598963419597,0.2670212765957447,0.5299392097264438,0.8417933130699088,0.32370820668693007,0.6762917933130699
equal_weight_blend,cv_oof,weather__distance_range,light_rain,,mid,8232,84.82993197278911,11.096153567757593,86.10525562989672,9.200466453821152,7.470756966081687,0.10826987901287824,0.08956494793914427,11.912117570423217,-0.1524790119354098,1.2753236571075914,-0.02225936602095402,19.18632430219038,23.938274661285675,52.5057602752201,0.34487366375121475,0.6333819241982507,0.9098639455782312,0.49939261418853254,0.5006073858114675
equal_weight_blend,cv_oof,weather__distance_range,light_rain,,near,10748,39.847413472273914,14.325648510845257,42.30457804855581,4.497127385193023,2.670498477390833,0.10382682171605413,0.0687791887616355,7.077231872623121,0.755939067146958,2.4571645762818983,0.839966290085405,10.694015452642708,14.968719790120291,63.16257882436258,0.6815221436546334,0.8849088202456271,0.9774841831038332,0.6414216598436918,0.35857834015630813
equal_weight_blend,cv_oof,time_of_day__distance_range,,10AM,far,8176,129.93639921722112,14.714200509147771,123.94764599040015,12.08799460615718,10.685566264421574,0.09195948295169071,0.08288295080193203,14.715936754406586,-0.00023600979127791355,-5.98875322682099,-6.389706337543117,23.753245634637665,27.78837462126534,62.34598963419597,0.23409980430528377,0.4679549902152642,0.8211839530332681,0.33671722113502933,0.6632827788649707
equal_weight_blend,cv_oof,time_of_day__distance_range,,10AM,mid,11580,84.94645941278065,11.166299860585184,85.93946470790397,8.712150391787603,7.206498266759326,0.10277655443179709,0.08591444908200273,11.253796515258612,-0.015732956840117884,0.9930052951232936,0.11357552955328032,17.776413095238567,22.36955382776707,52.88212592230903,0.36312607944732295,0.6572538860103627,0.9289291882556131,0.5037996545768566,0.49620034542314334
equal_weight_blend,cv_oof,time_of_day__distance_range,,10AM,near,14236,40.23602135431301,14.203610521903618,42.58672604278976,4.442595748388256,2.7238506615959253,0.1036000370102792,0.06889744111899959,6.866898251263776,0.7662650186639062,2.350704688476753,0.9096737115849933,10.344847055868044,14.290183386121488,63.16257882436258,0.679334082607474,0.8921045237426243,0.9799100871031189,0.6386625456588929,0.36133745434110703
equal_weight_blend,cv_oof,time_of_day__distance_range,,8PM,far,4524,128.51016799292663,14.68395712596478,122.67990980318322,10.853606861377905,8.875131892505323,0.08292769530967437,0.07061518051903443,13.603604402603246,0.1417342686449924,-5.830258189743371,-5.7184043221985945,22.86388905724349,26.977884863988873,45.89402072424906,0.28271441202475683,0.5486295313881521,0.8507957559681698,0.3063660477453581,0.6936339522546419
equal_weight_blend,cv_oof,time_of_day__distance_range,,8PM,mid,5512,84.94920174165458,11.17373176946548,87.20204741499668,9.04632937273319,7.480864612896795,0.1072452626049698,0.0881588687330443,11.500292019352598,-0.05930556315203139,2.252845673342101,1.2960829208714273,18.6584531419689,22.969457404913328,45.217307208025886,0.340166908563135,0.6300798258345428,0.9198113207547169,0.5426342525399129,0.45736574746008707
equal_weight_blend,cv_oof,time_of_day__distance_range,,8PM,near,7188,39.872008903728435,14.477940967244129,41.84846663468696,4.35551658200324,2.841949500230257,0.10567002124444297,0.07195428491689965,6.485119682001971,0.7993577507649008,1.9764577309585276,0.7265900993347181,10.183333890207708,14.008990381109662,43.531724251909324,0.6837785197551475,0.8969115191986644,0.9824707846410684,0.6238174735670562,0.3761825264329438
equal_weight_blend,test,weather,clear_sky,,,4532,77.59488084730803,37.62207022439134,77.54094757045011,7.5808626483128805,5.622162154373886,0.09951591946993397,0.07785358622043459,10.357797466522243,0.9242034480041111,-0.05393327685792585,0.24808134952308158,17.77419474860992,22.342802518214995,46.174194902692506,0.4549867608120035,0.7182259488084731,0.926522506619594,0.5247131509267432,0.47528684907325686
equal_weight_blend,test,weather,light_rain,,,4508,77.55545696539485,38.7451835623601,77.28273545515256,7.684367811781449,5.460022368539413,0.09817540770601861,0.07422717560662173,10.915558090850473,0.9206299881964916,-0.2727215102422984,-0.08225848704061889,17.875986209420688,23.45646882490727,56.74495985836987,0.475377107364685,0.7160603371783496,0.919698314108252,0.49290150842945873,0.5070984915705412
equal_weight_blend,test,time_of_day,,10AM,,6000,77.07,38.26092567271907,76.91545377880179,7.5954408630794905,5.436453649914668,0.09791512902164065,0.07507395778730289,10.630631109289672,0.9228018042723974,-0.1545462211981988,0.14920133802625735,17.733616041304185,22.66421765380341,56.74495985836987,0.4725,0.716,0.9238333333333333,0.515,0.485
equal_weight_blend,test,time_of_day,,8PM,,3040,78.57236842105263,38.01879763140794,78.392573404045,7.705577118153884,5.697286777039444,0.10068753646270685,0.07827417576247328,10.65725863229571,0.9214232150796341,-0.17979501700763403,-0.044412784278016204,17.97587350892494,23.212534528736555,46.174194902692506,0.4506578947368421,0.7194078947368421,0.9217105263157894,0.4967105263157895,0.5032894736842105
equal_weight_blend,test,distance_range,,,far,2244,130.0891265597148,14.76467478540391,124.68870318751567,11.648048295651918,10.02141693737996,0.08857340730851472,0.07715771737700436,14.315632472042923,0.05990160881744844,-5.400423372199127,-5.627464122164497,23.771331069963576,27.707836474133785,47.888141136224476,0.24688057040998218,0.49955436720142604,0.8199643493761141,0.339572192513369,0.660427807486631
equal_weight_blend,test,distance_range,,,mid,3016,85.0,11.180339887498949,85.91137097688423,8.868123784729692,7.215847006500084,0.10454676578425368,0.08520321393300818,11.585771684630796,-0.07384084422714166,0.9113709768842224,-0.16145681353552277,17.723358842497024,22.681904884773807,56.74495985836987,0.35046419098143233,0.6535145888594165,0.9263925729442971,0.4953580901856764,0.5046419098143236
equal_weight_blend,test,distance_range,,,near,3780,40.476190476190474,14.167767064105991,42.56507963016921,4.2627296051526695,2.6194451883104115,0.10039923634149645,0.06633933891371555,6.477864305424379,0.7909448469483095,2.0888891539787364,0.694298933483303,10.140887578800426,13.567801180091005,47.86177090692905,0.6862433862433862,0.897089947089947,0.9817460317460317,0.6201058201058202,0.3798941798941799
equal_weight_blend,test,weather__distance_range,clear_sky,,far,1080,130.94444444444446,14.817927913656517,125.83892197757943,12.099653453335982,10.714374492037074,0.09136779625439855,0.08226888979640615,14.618917512226467,0.026680384724880768,-5.105522466865019,-5.779396132211815,23.769755623551163,27.589434009933996,38.571013977432415,0.22962962962962963,0.4666666666666667,0.8027777777777778,0.3648148148148148,0.6351851851851852
equal_weight_blend,test,weather__distance_range,clear_sky,,mid,1564,84.45012787723785,10.900242552688109,85.2812174418524,8.213460334659358,7.003298913351099,0.09819015483341849,0.08290165870354221,10.44100029076255,0.08248770696799679,0.8310895646145623,0.27694514480915444,16.15410343135995,19.92309376716667,46.174194902692506,0.35421994884910485,0.680306905370844,0.9501278772378516,0.5108695652173914,0.4891304347826087
equal_weight_blend,test,weather__distance_range,clear_sky,,near,1888,41.398305084745765,14.012488274240832,43.50090814323989,4.4719236383177385,2.7744070687498805,0.10527517209932406,0.06772571219927001,6.705934225683488,0.7709722774872023,2.102603058494134,0.8016311843663075,10.32212184447937,14.737740863691764,36.85692800401725,0.6673728813559322,0.8935381355932204,0.9777542372881356,0.6276483050847458,0.3723516949152542
equal_weight_blend,test,weather__distance_range,light_rain,,far,1164,129.29553264604812,14.670561517261435,123.62148987714723,11.229033200893515,9.333271105292546,0.08598067529686991,0.07225663554900691,14.028371052064411,0.08563200708795593,-5.6740427689008754,-5.489183723276383,23.913718597650696,27.89504291545363,47.888141136224476,0.26288659793814434,0.5300687285223368,0.8359106529209622,0.3161512027491409,0.6838487972508591
equal_weight_blend,test,weather__distance_range,light_rain,,mid,1452,85.59228650137742,11.444880290092861,86.5901313961609,9.573284691003797,7.506783735964262,0.11139369383322491,0.08937609859857737,12.703965143506021,-0.23212871237117683,0.9978448947834985,-0.7295914975684923,19.67618002419843,25.4699020676092,56.74495985836987,0.3464187327823691,0.6246556473829201,0.9008264462809917,0.4786501377410468,0.5213498622589532
equal_weight_blend,test,weather__distance_range,light_rain,,near,1892,39.55602536997886,14.261730850992944,41.63122961289783,4.053977842670826,2.4253781376187717,0.09553360911592641,0.0650761002821476,6.241975249051182,0.8084423007379216,2.0752042429189737,0.6279231537712953,9.79868376148215,13.110702743420173,47.86177090692905,0.7050739957716702,0.9006342494714588,0.9857293868921776,0.6125792811839323,0.38742071881606766
equal_weight_blend,test,time_of_day__distance_range,,10AM,far,1444,130.42936288088643,14.72353240629731,125.36589278234459,11.993129365367663,10.674115959294795,0.09125189693538045,0.0817236938371884,14.50000230736856,0.030133163066497715,-5.063470098541827,-5.61774576936115,23.769755623551163,27.14856617478995,47.888141136224476,0.2195290858725762,0.46883656509695293,0.8150969529085873,0.3621883656509695,0.6378116343490304
equal_weight_blend,test,time_of_day__distance_range,,10AM,mid,2044,85.12720156555773,11.292822989530752,85.41839851928442,8.712169646397776,7.065172960609743,0.10252058814146407,0.0836866977206457,11.46631068335248,-0.030961312223733106,0.2911969537266953,-0.569471771960778,17.242204040306305,22.363508850132124,56.74495985836987,0.3586105675146771,0.6658512720156555,0.9319960861056752,0.4789628180039139,0.5210371819960861
equal_weight_blend,test,time_of_day__distance_range,,10AM,near,2512,39.84076433121019,13.879834409583346,42.145368997487196,4.158794433777461,2.4263262939453085,0.09799799076194345,0.06277738372022294,6.487472381997865,0.7815346955983671,2.304604666277006,0.7801180603390669,10.089387169104079,13.471871815697597,47.86177090692905,0.7105891719745223,0.8988853503184714,0.9796974522292994,0.6321656050955414,0.3678343949044586
equal_weight_blend,test,time_of_day__distance_range,,8PM,far,800,129.475,14.818885754333891,123.46637596884946,11.025176964815005,8.883605173404362,0.08373873353202203,0.06826947303447817,13.976689468363515,0.11043531660751016,-6.00862403115055,-5.680786413198078,23.834024302959442,28.35217461543528,38.63212332807774,0.29625,0.555,0.82875,0.29875,0.70125
equal_weight_blend,test,time_of_day__distance_range,,8PM,mid,972,84.73251028806584,10.935202559409966,86.9480332231126,9.196076725830961,7.591650684404819,0.10880757555983181,0.0889870704524012,11.833049924839132,-0.1709537166628028,2.215522935046758,0.7950867920978766,18.659557482252463,23.930398376310908,46.174194902692506,0.3333333333333333,0.6275720164609053,0.9146090534979424,0.529835390946502,0.47016460905349794
equal_weight_blend,test,time_of_day__distance_range,,8PM,near,1268,41.73501577287066,14.640351020265758,43.3965568457033,4.468632720684628,3.010117724818045,0.10515627805745635,0.0755551735609335,6.458787803664607,0.8053748080726767,1.6615410728326372,0.5333586332533109,10.26079339678325,13.799742283183024,36.85692800401725,0.63801261829653,0.8935331230283912,0.9858044164037855,0.5962145110410094,0.4037854889589905
tuned_weight_blend,cv_oof,weather,clear_sky,,,25656,77.14764577486747,37.76205841489366,77.06540343498956,7.609369995006742,5.586263945304719,0.10033609896761117,0.07963386378815393,10.404169693398417,0.9240892059116592,-0.08224233987791311,0.2855504438612222,17.587970948713647,22.099155638322493,53.12216436631945,0.4646866230121609,0.7154271905207359,0.9299968818210165,0.5218662301216089,0.478133769878391
tuned_weight_blend,cv_oof,weather,light_rain,,,25560,77.29890453834116,38.46269068460769,77.24432513756801,7.744825528342925,5.547817700145927,0.10075372594153939,0.07697213600968471,10.81059087703502,0.9210013737461706,-0.0545794007731493,0.14245681791759957,18.193705531064012,23.17071697327214,63.20010839029948,0.4661580594679186,0.7125978090766824,0.9208137715179968,0.5138106416275431,0.48618935837245697
tuned_weight_blend,cv_oof,time_of_day,,10AM,,33992,77.04283360790774,37.95557412334891,76.9337678107339,7.7336543369828625,5.605707655827651,0.10064542018899802,0.07882554163501879,10.710859526797716,0.9203661858829066,-0.10906579717384397,0.2279888087871349,17.909320336538496,22.741598171528015,63.20010839029948,0.4638738526712168,0.7108143092492352,0.9241880442457049,0.5195634266886326,0.48043657331136735
tuned_weight_blend,cv_oof,time_of_day,,8PM,,17224,77.578959591268,38.420497333581245,77.59070515686622,7.565104439945234,5.488790390452319,0.10034539404983502,0.07732375855235157,10.40488784765715,0.9266586597212607,0.011745565598227545,0.16128243773122541,17.681798968537155,22.390236249091267,46.22978206058136,0.4684742220157919,0.7203320947515095,0.9278332559219693,0.5144565722248026,0.4855434277751974
tuned_weight_blend,cv_oof,distance_range,,,far,12700,129.4283464566929,14.719288848138296,123.53176722667968,11.631446813310736,10.04771730385417,0.08862394589467164,0.07818297870615946,14.309419974008476,0.05491601337893892,-5.896579230013221,-6.104756948771801,23.432567183957374,27.417504517060117,63.20010839029948,0.25133858267716536,0.4978740157480315,0.8318110236220473,0.3262992125984252,0.6737007874015748
tuned_weight_blend,cv_oof,distance_range,,,mid,17092,84.94734378656682,11.168697191096301,86.34404587486033,8.813089460064054,7.2874002406114045,0.10414917677597335,0.08666293652198197,11.318186149029707,-0.026948422556194007,1.3967020882935064,0.46554029185785595,18.06152595578423,22.48730497835674,53.12216436631945,0.3553124268663702,0.6500702082845776,0.9259887666744676,0.5169084952024339,0.48309150479756613
tuned_weight_blend,cv_oof,distance_range,,,near,21424,40.113890963405524,14.297271517198844,42.33145375151167,4.426392714520023,2.7714253498082044,0.10473517307045897,0.07060548125976424,6.743989091765674,0.7775013457444014,2.217562788106136,0.8679910311582919,10.310010942817458,14.238023068389058,63.052430327353136,0.6801717699775952,0.8931572068707991,0.980442494398805,0.6321415235250186,0.3678584764749813
tuned_weight_blend,cv_oof,weather__distance_range,clear_sky,,far,6120,129.83333333333334,14.695882220825192,123.85103882466188,12.072575590532459,10.884444720337441,0.09165529045517326,0.08466361042793213,14.666657544512088,0.0039733059011151095,-5.982294508671454,-6.491850166662118,23.648869682384056,27.5761034759926,47.3991468188089,0.23447712418300654,0.46372549019607845,0.8212418300653594,0.3292483660130719,0.670751633986928
tuned_weight_blend,cv_oof,weather__distance_range,clear_sky,,mid,8860,85.05643340857787,11.234579515748619,86.55055279811423,8.457122937006401,7.115922683938379,0.1003634074044724,0.08435391342225869,10.748225234462108,0.08470756563014525,1.494119389536348,0.9231088541020824,17.209678378312983,20.96367344297406,53.12216436631945,0.36512415349887134,0.6654627539503386,0.9405191873589165,0.5320541760722347,0.46794582392776524
tuned_weight_blend,cv_oof,weather__distance_range,clear_sky,,near,10676,40.382165605095544,14.263618131600492,42.37389800766856,4.347295312472611,2.8596028519887753,0.10528969538438993,0.07163614369548815,6.399015795586416,0.7987356023738756,1.9917324025730156,0.8689894879053526,9.934353597877148,13.544507689412434,43.004436201543484,0.679280629449232,0.9011802173098539,0.9836080929186961,0.6238291494941925,0.3761708505058074
tuned_weight_blend,cv_oof,weather__distance_range,light_rain,,far,6580,129.0516717325228,14.731035573217985,123.23481552764457,11.221156825985977,9.33596596652152,0.0858045190390075,0.07282781234822773,13.968958680341395,0.10078921128994911,-5.816856204878208,-5.76046435965543,23.19781854016279,27.172678406859717,63.20010839029948,0.2670212765957447,0.5296352583586627,0.8416413373860182,0.32355623100303954,0.6764437689969605
tuned_weight_blend,cv_oof,weather__distance_range,light_rain,,mid,8232,84.82993197278911,11.096153567757593,86.12178502208702,9.196211835463812,7.47688628274053,0.10822375362625258,0.08909289921067787,11.901167967129506,-0.15036127121639975,1.291853049297931,0.028535768797553374,19.241639564625775,23.872606818669666,52.49287055586558,0.34475218658892126,0.6335034013605442,0.9103498542274052,0.5006073858114675,0.49939261418853254
tuned_weight_blend,cv_oof,weather__distance_range,light_rain,,near,10748,39.847413472273914,14.325648510845257,42.28929382606219,4.504960249341213,2.695333636442321,0.10418436545755173,0.06956024099440788,7.070007197778031,0.7564371039263514,2.4418803537882727,0.8672422828956918,10.718739639410078,14.966523759628885,63.052430327353136,0.6810569408262003,0.885187941942687,0.97729810197246,0.6403982136211388,0.3596017863788612
tuned_weight_blend,cv_oof,time_of_day__distance_range,,10AM,far,8176,129.93639921722112,14.714200509147771,123.9832756829756,12.069488395563976,10.693211861359117,0.09182444468820904,0.08272244369793211,14.69440796707675,0.002688454635071613,-5.953123534245549,-6.3834027366512345,23.704217296483897,27.761749427450674,63.20010839029948,0.23434442270058709,0.46930039138943247,0.8206947162426614,0.3362279843444227,0.6637720156555773
tuned_weight_blend,cv_oof,time_of_day__distance_range,,10AM,mid,11580,84.94645941278065,11.166299860585184,85.94931972377697,8.70330311617427,7.161856515598252,0.10267627742838287,0.08591366349223092,11.238264912688908,-0.012931222472025494,1.0028603109963132,0.12483070520470108,17.798739689250468,22.244078498065146,53.12216436631945,0.36208981001727114,0.6588082901554404,0.9293609671848014,0.5046632124352332,0.49533678756476685
tuned_weight_blend,cv_oof,time_of_day__distance_range,,10AM,near,14236,40.23602135431301,14.203610521903618,42.57883190763705,4.454761942630816,2.732460425741202,0.1040595090385607,0.06960358582359116,6.86901257518556,0.7661210620985688,2.342810553324038,0.9286559983995257,10.37878377934208,14.311819778160764,63.052430327353136,0.6784911491992133,0.8918235459398708,0.9794183759483001,0.6369766788423714,0.36302332115762853
tuned_weight_blend,cv_oof,time_of_day__distance_range,,8PM,far,4524,128.51016799292663,14.68395712596478,122.71577846923601,10.839796066957406,8.878306880844193,0.08283984374260224,0.07043546642613194,13.58600446031874,0.14395362983951088,-5.794389523690604,-5.708630363047952,22.81851335252722,26.91756661305075,46.22978206058136,0.28205128205128205,0.5495137046861185,0.8519009725906278,0.3083554376657825,0.6916445623342176
tuned_weight_blend,cv_oof,time_of_day__distance_range,,8PM,mid,5512,84.94920174165458,11.17373176946548,87.17331453043819,9.04373638717648,7.51350153936469,0.10724354804685475,0.08900733600902372,11.484278838353488,-0.05635763069577493,2.224112788783618,1.292973967708079,18.569930756441188,22.904040260675025,45.19970629521123,0.34107402031930334,0.6317126269956459,0.9189042089985486,0.5426342525399129,0.45736574746008707
tuned_weight_blend,cv_oof,time_of_day__distance_range,,8PM,near,7188,39.872008903728435,14.477940967244129,41.84151560034291,4.3702068030863455,2.864794147406684,0.10607334128944947,0.0731726064137724,6.489271739877715,0.7991007485942065,1.9695066966144774,0.7575171813964872,10.212026391054959,14.060670973585015,43.004436201543484,0.6835002782415136,0.8957985531441292,0.9824707846410684,0.6225653867557039,0.37743461324429606
tuned_weight_blend,test,weather,clear_sky,,,4532,77.59488084730803,37.62207022439134,77.54325590162199,7.587216964227439,5.649825766575352,0.09973807919546616,0.07773968385807413,10.353482152587565,0.92426659227432,-0.051624945686030606,0.24364035141027074,17.79377654920401,22.372196824749572,46.05354114815847,0.4549867608120035,0.7157987643424537,0.926522506619594,0.5247131509267432,0.47528684907325686
tuned_weight_blend,test,weather,light_rain,,,4508,77.55545696539485,38.7451835623601,77.28953638941101,7.682402944840036,5.43573195665148,0.09828976635059809,0.0750079810094891,10.899175927459972,0.9208680478130119,-0.26592057598384394,-0.10484030369499209,17.90969048706382,23.38901557068736,56.86599314216238,0.4740461401952085,0.7165039929015085,0.9210292812777284,0.4906832298136646,0.5093167701863354
tuned_weight_blend,test,time_of_day,,10AM,,6000,77.07,38.26092567271907,76.92566273328168,7.596703276225579,5.4396152303382905,0.09807469202697029,0.07552008102933688,10.620451712183453,0.9229495762803805,-0.14433726671831482,0.14245151265462397,17.754445129220812,22.670203539393214,56.86599314216238,0.4718333333333333,0.7146666666666667,0.9243333333333333,0.5135,0.4865
tuned_weight_blend,test,time_of_day,,8PM,,3040,78.57236842105263,38.01879763140794,78.38595045721237,7.709644769692161,5.710769344503902,0.10087338469096284,0.07836987294880432,10.646169691206811,0.9215866492338045,-0.18641796384025328,-0.03263257234460326,17.978471527701508,23.142976211482516,46.05354114815847,0.45,0.719078947368421,0.9226973684210527,0.4963815789473684,0.5036184210526315
tuned_weight_blend,test,distance_range,,,far,2244,130.0891265597148,14.76467478540391,124.71759504235307,11.64445089741961,10.01798396241476,0.08856119887944125,0.07781951631625447,14.302835772268109,0.061581559743004055,-5.3715315173617135,-5.558412906884811,23.78327125449058,27.721361001656305,47.51343279118612,0.24598930481283424,0.49866310160427807,0.820855614973262,0.34001782531194297,0.6599821746880571
tuned_weight_blend,test,distance_range,,,mid,3016,85.0,11.180339887498949,85.91963309010222,8.860395716561106,7.215405158227064,0.10447128659153958,0.08510302040283994,11.569111610424427,-0.07075474763565803,0.9196330901022297,-0.14811660756914335,17.756333260898423,22.79456160215348,56.86599314216238,0.35145888594164454,0.6508620689655172,0.9270557029177718,0.4963527851458886,0.5036472148541115
tuned_weight_blend,test,distance_range,,,near,3780,40.476190476190474,14.167767064105991,42.55221405154156,4.276306471497286,2.6536584511893224,0.10086944734835959,0.06704501916746111,6.477234831985995,0.7909854740025593,2.0760235753510856,0.7205618601481163,10.159190468846887,13.49916355820751,47.7655031734882,0.6843915343915344,0.8973544973544973,0.9822751322751323,0.6164021164021164,0.3835978835978836
tuned_weight_blend,test,weather__distance_range,clear_sky,,far,1080,130.94444444444446,14.817927913656517,125.86861736301567,12.103752181223781,10.65371395067865,0.09142350016326319,0.08196465138122508,14.62329929291651,0.026096824108336136,-5.075827081428775,-5.921886436323902,23.865559266302526,27.326609314778995,38.43948937045303,0.22962962962962963,0.4648148148148148,0.8009259259259259,0.3638888888888889,0.6361111111111111
tuned_weight_blend,test,weather__distance_range,clear_sky,,mid,1564,84.45012787723785,10.900242552688109,85.27519050123679,8.207228036023004,6.967419328571324,0.09813751044917592,0.08347309992559271,10.42153086242643,0.08590630370781416,0.8250626239989365,0.22250960373325768,16.157347750148258,19.70342308931692,46.05354114815847,0.3561381074168798,0.6758312020460358,0.9507672634271099,0.5140664961636828,0.4859335038363171
tuned_weight_blend,test,weather__distance_range,clear_sky,,near,1888,41.398305084745765,14.012488274240832,43.49445500538117,4.4899948505387135,2.8056372759825834,0.10582019512447949,0.0688544529057691,6.7095599418082825,0.7707245524236722,2.0961499206354075,0.8289609877813469,10.332360647928791,14.682180978758463,36.058068811503944,0.6657838983050848,0.892478813559322,0.9782838983050848,0.6255296610169492,0.3744703389830508
tuned_weight_blend,test,weather__distance_range,light_rain,,far,1164,129.29553264604812,14.670561517261435,123.64963618813006,11.21829506708584,9.366398712702448,0.085905455420225,0.07261764104716706,13.998938981187916,0.08946474184094666,-5.64589645791805,-5.447110844559013,23.526700681371512,27.771075564114255,47.51343279118612,0.2611683848797251,0.5300687285223368,0.8393470790378007,0.3178694158075601,0.6821305841924399
tuned_weight_blend,test,weather__distance_range,light_rain,,mid,1452,85.59228650137742,11.444880290092861,86.61378474918318,9.563945477140715,7.480226916712574,0.11129361846940238,0.08910450045717017,12.689639980359882,-0.2293515489923137,1.0214982478057777,-0.6667959937148993,19.836374521565578,25.416905499613804,56.86599314216238,0.3464187327823691,0.6239669421487604,0.9015151515151515,0.4772727272727273,0.5227272727272727
tuned_weight_blend,test,weather__distance_range,light_rain,,near,1892,39.55602536997886,14.261730850992944,41.61196515045848,4.063069864927405,2.462302631002757,0.09592916626944083,0.06549400896829262,6.236779980891212,0.8087610394129423,2.055939780479627,0.6099729964321909,9.768386230790336,13.097825578119007,47.7655031734882,0.7029598308668076,0.9022198731501057,0.9862579281183932,0.607293868921776,0.3927061310782241
tuned_weight_blend,test,time_of_day__distance_range,,10AM,far,1444,130.42936288088643,14.72353240629731,125.40513805679895,11.988472012076759,10.55138883071453,0.09123042543167129,0.08146751790467918,14.486831073973752,0.03189434080214604,-5.024224824087494,-5.549366459853616,23.804452544719595,27.277954312214927,47.51343279118612,0.22022160664819945,0.46814404432132967,0.8150969529085873,0.3628808864265928,0.6371191135734072
tuned_weight_blend,test,time_of_day__distance_range,,10AM,mid,2044,85.12720156555773,11.292822989530752,85.44034597524522,8.704341534861689,7.096974679159274,0.1024380317240616,0.08365735522464114,11.45149409361751,-0.028298649063099424,0.3131444096874939,-0.5358541449611707,17.330434594937497,22.363596451614274,56.86599314216238,0.3595890410958904,0.662426614481409,0.9329745596868885,0.4794520547945205,0.5205479452054794
tuned_weight_blend,test,time_of_day__distance_range,,10AM,near,2512,39.84076433121019,13.879834409583346,42.129335140235355,4.170856677809449,2.4554535866389173,0.09845863096915071,0.06309295765451907,6.485859479646226,0.7816433109050873,2.288570809025166,0.7957552908276764,10.135265838420183,13.437081534872508,47.7655031734882,0.7078025477707006,0.8988853503184714,0.9800955414012739,0.6277866242038217,0.37221337579617836
tuned_weight_blend,test,time_of_day__distance_range,,8PM,far,800,129.475,14.818885754333891,123.47657990127831,11.02349278546345,8.834567806304094,0.08374324495266601,0.06896241300245098,13.964588469554082,0.11197501757915829,-5.998420098721681,-5.5638572829794555,23.745834453010556,28.385460908759455,38.57759665370841,0.2925,0.55375,0.83125,0.29875,0.70125
tuned_weight_blend,test,time_of_day__distance_range,,8PM,mid,972,84.73251028806584,10.935202559409966,86.92751669377272,9.1885590369249,7.565906578863675,0.10874697892603036,0.08916426913902714,11.812627091631446,-0.1669152725297065,2.1950064057068808,0.8010733119022007,18.625498088654087,23.78920265855594,46.05354114815847,0.3343621399176955,0.6265432098765432,0.9146090534979424,0.5318930041152263,0.46810699588477367
tuned_weight_blend,test,time_of_day__distance_range,,8PM,near,1268,41.73501577287066,14.640351020265758,43.38996785690527,4.485210163724293,3.0106011032831113,0.10564544951284915,0.07652419544280527,6.460114778788217,0.8052948273312884,1.6549520840346106,0.5406761342366551,10.246168848851118,13.727687586986383,36.058068811503944,0.63801261829653,0.8943217665615142,0.9865930599369085,0.5938485804416404,0.4061514195583596
