method_id,count,pearson_correlation,spearman_correlation,cv_mae,cv_median_absolute_error,cv_mean_relative_error,cv_median_relative_error,cv_rmse,cv_r2,cv_mean_signed_error,cv_median_signed_error,cv_p90_absolute_error,cv_p95_absolute_error,cv_max_absolute_error,cv_within_5m_rate,cv_within_10m_rate,cv_within_20m_rate,cv_overprediction_rate,cv_underprediction_rate,rank,context_window,aggregation_method,score_field
bbox_only__bbox_midpoint__object_depth,1440,-0.5867966414048676,-0.593082293311492,25.038083469905885,21.3611797912922,0.46725209468213713,0.27854200061072765,31.086830362377462,0.3438929412305064,-0.0050106420493951495,0.38808893573349934,52.32062677242995,60.59848415234705,92.45331398458487,0.13055555555555556,0.24166666666666667,0.46944444444444444,0.5090277777777777,0.4909722222222222,1,bbox_only,bbox_midpoint,object_depth
bbox_expand_1_5x__bbox_midpoint__object_minus_ring,1440,-0.565355056059902,-0.5593412679093281,25.820917750376054,22.262235499554073,0.490508936185799,0.2891448234547633,31.65834287423743,0.3195469260247039,0.0012335066478095136,1.113197574577832,53.417556866867564,59.72585459259665,90.05011319241706,0.11180555555555556,0.2326388888888889,0.4486111111111111,0.5138888888888888,0.4861111111111111,2,bbox_expand_1_5x,bbox_midpoint,object_minus_ring
bbox_expand_1_5x__bbox_midpoint__object_depth,1440,-0.5262786497436451,-0.5137009866480556,26.404858321349238,22.67689789919949,0.5020627306647145,0.2888446103397835,32.646095720247324,0.27642371771956953,0.0014442802208173412,0.8933064997061209,55.21087130844821,63.03185129613208,104.15481576930185,0.125,0.24513888888888888,0.44583333333333336,0.5097222222222222,0.49027777777777776,3,bbox_expand_1_5x,bbox_midpoint,object_depth
bbox_expand_2x__bbox_midpoint__object_minus_ring,1440,-0.4975825027811661,-0.4827522749687314,27.442318692138258,24.195597641255688,0.5279349959901093,0.29795945849157135,33.29596372578216,0.2473293122974135,-0.0017788480213817416,1.36170823706097,56.14391650358891,61.622621444220776,93.83826745441554,0.10555555555555556,0.21388888888888888,0.40069444444444446,0.5131944444444444,0.48680555555555555,4,bbox_expand_2x,bbox_midpoint,object_minus_ring
bbox_only__bbox_midpoint__object_depth_percentile_5_95,1440,-0.4938748397014077,-0.5091708991516947,27.516470351432044,24.391914434151865,0.5394893745460078,0.295847910354494,33.399255899006555,0.24265213378852113,0.006269599025613894,1.2270942130156541,53.32726796049752,64.31112146370215,90.89411706451479,0.09583333333333334,0.19166666666666668,0.40694444444444444,0.5326388888888889,0.4673611111111111,5,bbox_only,bbox_midpoint,object_depth_percentile_5_95
bbox_expand_1_5x__bbox_midpoint__object_minus_ring_normalized,1440,-0.4894458087259507,-0.49054631374612867,27.585388921315037,24.91833646088417,0.5410112253981806,0.306628878286964,33.48574056946583,0.23872487367316308,-0.0068453263817420725,2.645457366831671,53.471428138710635,61.720130971699994,111.54255988064669,0.1,0.20972222222222223,0.41180555555555554,0.5173611111111112,0.4826388888888889,6,bbox_expand_1_5x,bbox_midpoint,object_minus_ring_normalized
bbox_expand_2x__bbox_midpoint__object_depth,1440,-0.460697763875912,-0.43532699077555465,27.82896280420206,24.70813013385817,0.5309614536924615,0.3112523499055505,34.080483033810566,0.211442609006269,0.004790462510643718,1.0599190065451367,56.54281222514671,65.90242258273717,88.18141217822745,0.12083333333333333,0.22152777777777777,0.4222222222222222,0.5138888888888888,0.4861111111111111,7,bbox_expand_2x,bbox_midpoint,object_depth
bbox_expand_1_5x__inner50_median__object_minus_ring,1440,-0.48158080677627996,-0.4980536196661374,27.87477108508445,24.85887437469467,0.5511957857464916,0.3055361186336768,33.64312060294915,0.23155220555275935,0.0020325232617021054,1.0473480211804116,55.9382834101918,62.480456014127896,95.2633638560318,0.09027777777777778,0.2048611111111111,0.4222222222222222,0.5090277777777777,0.4909722222222222,8,bbox_expand_1_5x,inner50_median,object_minus_ring
bbox_expand_1_5x__inner50_median__object_minus_ring_normalized,1440,-0.47970082710042306,-0.4642397684079679,27.91079997359398,25.478739735019523,0.5526131129361286,0.3149260673171297,33.690936277333215,0.2293663226636533,0.0034725839980663093,0.8921394322812439,53.654593510707194,62.20763734339433,96.65893842607522,0.10486111111111111,0.2076388888888889,0.40625,0.5083333333333333,0.49166666666666664,9,bbox_expand_1_5x,inner50_median,object_minus_ring_normalized
bbox_expand_1_5x__bbox_mean__object_minus_ring_normalized,1440,-0.48397343200478543,-0.4754262022777532,27.933197129918256,26.112954720196925,0.5506346094048356,0.3125035062964803,33.59677083292772,0.23366811175088265,-0.0032788304367538028,2.7705186752905178,52.97500833889256,60.31216459686445,92.43507562248095,0.08819444444444445,0.2076388888888889,0.3958333333333333,0.5236111111111111,0.47638888888888886,10,bbox_expand_1_5x,bbox_mean,object_minus_ring_normalized
bbox_expand_1_5x__bbox_mean__object_minus_ring,1440,-0.47944736251406306,-0.5078618025216811,27.958525699526692,25.806923835056367,0.5489094826887844,0.31221183956294024,33.69287786516904,0.22927749781915863,-0.007391704412702893,2.8616556575297807,54.484106616922375,62.253489013292736,108.00798965441356,0.10069444444444445,0.20208333333333334,0.39652777777777776,0.5215277777777778,0.47847222222222224,11,bbox_expand_1_5x,bbox_mean,object_minus_ring
bbox_only__inner50_median__object_depth_percentile_5_95,1440,-0.45560456380482706,-0.453415566927569,27.974300969593823,24.735960767128894,0.5585793016339462,0.30333896389744686,34.19358931476001,0.20619979616873318,0.008274002451402238,2.1858760942142794,55.967912681311546,65.90629310478484,98.7170717696711,0.10625,0.20972222222222223,0.3972222222222222,0.5201388888888889,0.4798611111111111,12,bbox_only,inner50_median,object_depth_percentile_5_95
bbox_expand_1_5x__bbox_midpoint__object_depth_percentile_5_95,1440,-0.4618852785326702,-0.47332533275774497,28.06264262474429,25.61361924661888,0.5554408750340749,0.30769682841934864,34.052368641573835,0.21274309922377987,0.002294454305607966,1.0671300875467296,54.46057251754057,63.853470004262014,89.47884407851554,0.10347222222222222,0.19583333333333333,0.39652777777777776,0.5368055555555555,0.46319444444444446,13,bbox_expand_1_5x,bbox_midpoint,object_depth_percentile_5_95
bbox_only__inner50_median__object_depth,1440,-0.426239523457219,-0.42582030798841924,28.367628365540238,24.882446857099822,0.5608327048032935,0.31373290118739183,34.74925360521546,0.18019080546336874,-0.007217491694283732,0.9687099794790015,57.89012495363101,67.76834242041842,91.46660265933431,0.10069444444444445,0.21319444444444444,0.41458333333333336,0.5138888888888888,0.4861111111111111,14,bbox_only,inner50_median,object_depth
bbox_expand_1_5x__inner50_median__object_depth_percentile_5_95,1440,-0.4368707005268215,-0.4272135565103486,28.530700385616637,25.172459152196232,0.5723299334537439,0.31141959256103874,34.55214509460828,0.18946485048563755,0.009204289218466026,2.0095956182741403,54.81030877550824,64.31666286568534,97.29205284481847,0.09652777777777778,0.20625,0.39652777777777776,0.5208333333333334,0.4791666666666667,15,bbox_expand_1_5x,inner50_median,object_depth_percentile_5_95
bbox_expand_2x__bbox_midpoint__object_depth_percentile_5_95,1440,-0.41588736663702125,-0.41579853275002304,28.9398909175865,27.731630742336442,0.5762640176940673,0.32050792584729154,34.91554210171348,0.17232582952880804,-0.0010666642092903404,1.2146523564917473,54.74905180200853,64.63659236810966,91.91888676329128,0.09513888888888888,0.19027777777777777,0.38819444444444445,0.53125,0.46875,16,bbox_expand_2x,bbox_midpoint,object_depth_percentile_5_95
bbox_expand_2x__bbox_mean__object_minus_ring_normalized,1440,-0.4119686371802179,-0.41915479579754167,29.264438271232397,27.747975091452822,0.5816949924872078,0.3295899412944132,34.98953159557405,0.16881426561063095,0.014015620470996106,2.569908824389053,54.94730851881412,65.25192740299384,100.92741042100832,0.09375,0.18888888888888888,0.3701388888888889,0.5201388888888889,0.4798611111111111,17,bbox_expand_2x,bbox_mean,object_minus_ring_normalized
bbox_expand_2x__inner50_median__object_depth_percentile_5_95,1440,-0.3959708986339202,-0.3841716292735274,29.305520141618118,26.4641907500011,0.5850911311859639,0.3254531617909284,35.265403436134,0.1556557762851768,0.005865019805532433,2.3344106081747356,56.204768790882234,65.26820691566634,96.46419075000111,0.10625,0.19236111111111112,0.38263888888888886,0.5194444444444445,0.48055555555555557,18,bbox_expand_2x,inner50_median,object_depth_percentile_5_95
bbox_expand_2x__inner50_median__object_minus_ring,1440,-0.40231775966930955,-0.4125795510201612,29.308820474999038,27.722325343408666,0.5808763730919732,0.3198877212881498,35.14800934918683,0.16126785094617835,0.00011079092887232239,0.17388337967306455,58.29874352960622,64.61955471353875,97.7129806258551,0.09583333333333334,0.19236111111111112,0.3875,0.5034722222222222,0.4965277777777778,19,bbox_expand_2x,inner50_median,object_minus_ring
bbox_expand_1_5x__inner50_median__object_depth,1440,-0.36115713453006976,-0.3328118269156401,29.43621684557326,26.598335622893096,0.5828889496200772,0.32392635100222916,35.80293891720502,0.12971964801644353,0.0028200919925085244,1.6678903460495462,59.15313863236189,67.73132451009364,92.17196920309821,0.10069444444444445,0.19791666666666666,0.4048611111111111,0.5166666666666667,0.48333333333333334,20,bbox_expand_1_5x,inner50_median,object_depth
bbox_expand_2x__bbox_mean__object_minus_ring,1440,-0.4001237910543529,-0.4417403544567852,29.49131496841687,27.41616254782268,0.5844398329875461,0.3289790723003243,35.19573601402661,0.15898851469145125,-0.01095901189916175,2.607915319078323,56.571585992086874,64.79533693959759,103.95687766059592,0.09027777777777778,0.18125,0.37777777777777777,0.525,0.475,21,bbox_expand_2x,bbox_mean,object_minus_ring
bbox_expand_2x__bbox_midpoint__object_minus_ring_normalized,1440,-0.3924700382588332,-0.4230669377718664,29.629852828882747,27.915615737046807,0.591476156845773,0.33267822241643275,35.331499096327995,0.1524878109914618,0.0028068249966458503,1.8410568857207608,57.252681864523296,63.820346638148834,93.41136998168992,0.09097222222222222,0.18888888888888888,0.375,0.51875,0.48125,22,bbox_expand_2x,bbox_midpoint,object_minus_ring_normalized
bbox_expand_4x__bbox_midpoint__object_minus_ring,1440,-0.38608986385053523,-0.3804955303652048,29.66755384611023,27.13862398050393,0.5846263270033452,0.3155506746292177,35.4108488150448,0.14867674310475143,-0.0028458152180873084,1.02927472553311,60.54115977454662,64.51660453917715,82.74510922090857,0.09305555555555556,0.18055555555555555,0.37569444444444444,0.5048611111111111,0.4951388888888889,23,bbox_expand_4x,bbox_midpoint,object_minus_ring
bbox_expand_2x__bbox_mean__object_depth_percentile_5_95,1440,-0.3630307758232279,-0.34128071151245154,29.801966186765377,27.630728023013738,0.5957170490910746,0.3270608957207844,35.77698876194633,0.1309807582195638,0.009188391796108893,1.7064159240652437,56.74410484312108,64.9433538767491,101.87234438254777,0.09722222222222222,0.18125,0.37777777777777777,0.5201388888888889,0.4798611111111111,24,bbox_expand_2x,bbox_mean,object_depth_percentile_5_95
bbox_expand_4x__bbox_midpoint__object_depth,1440,-0.35149615172720666,-0.3263766783176699,29.862733360063338,27.152711585835476,0.5808509650214229,0.33456223048725253,35.9653193429469,0.12180761837160947,0.012868650287876133,3.3468254342879575,59.999098248733176,67.53257861926268,111.8185443832206,0.09583333333333334,0.1875,0.3729166666666667,0.53125,0.46875,25,bbox_expand_4x,bbox_midpoint,object_depth
bbox_expand_2x__inner50_median__object_minus_ring_normalized,1440,-0.360051029573557,-0.3820020242002109,30.114118392311635,27.93877361094011,0.6077936218944466,0.33669319009893683,35.85656919910907,0.12711045789160025,0.006410787737316544,2.027957984387264,57.94763885964647,64.82716638942694,105.72476594980392,0.0875,0.18125,0.36736111111111114,0.5194444444444445,0.48055555555555557,26,bbox_expand_2x,inner50_median,object_minus_ring_normalized
bbox_expand_2x__inner50_median__object_depth,1440,-0.317241481992594,-0.27456014803197115,30.205309836324172,27.45812085599509,0.5960117734932878,0.33237723375216466,36.416898197064945,0.09961608534400512,0.0016416372635376319,1.9208598832225405,60.71274625004235,68.6012782666046,88.80655359056323,0.09861111111111111,0.19444444444444445,0.38263888888888886,0.5180555555555556,0.48194444444444445,27,bbox_expand_2x,inner50_median,object_depth
bbox_expand_4x__bbox_midpoint__object_depth_percentile_5_95,1440,-0.30430316072037344,-0.2918571605490174,30.591119886933697,29.058145498571538,0.6128608347042038,0.33502336206208416,36.56614171978906,0.09222106685938469,-0.0026829906976596853,1.0770797931212783,59.06626774899654,67.17567784095357,89.87395640580425,0.08819444444444445,0.16805555555555557,0.35138888888888886,0.51875,0.48125,28,bbox_expand_4x,bbox_midpoint,object_depth_percentile_5_95
bbox_expand_1_5x__bbox_mean__object_depth_percentile_5_95,1440,-0.29443041170348916,-0.27913746368448206,30.70511273193773,28.839837467020565,0.6263630875983788,0.34381452523423284,36.73591493981365,0.08377203068839134,-0.0182344267706488,1.9145659049128056,58.73854199213787,65.53836733312738,99.08873401084644,0.09236111111111112,0.19305555555555556,0.3611111111111111,0.5180555555555556,0.48194444444444445,29,bbox_expand_1_5x,bbox_mean,object_depth_percentile_5_95
bbox_expand_4x__inner50_median__object_minus_ring,1440,-0.29860460849268144,-0.3079965241409315,30.826807587780625,29.828262014794035,0.6187340188711276,0.3352263196521029,36.63079938135432,0.08900788911998092,-0.0027119853019030417,2.119377401073841,63.12435884701641,66.22170785311151,79.08139893442141,0.08402777777777778,0.1736111111111111,0.3625,0.5201388888888889,0.4798611111111111,30,bbox_expand_4x,inner50_median,object_minus_ring
bbox_expand_6x__bbox_midpoint__object_minus_ring,1440,-0.3024583657704088,-0.3332050172697171,30.90696432203157,29.83273513455555,0.6198995531162518,0.33230548989201736,36.60432449478706,0.0903242511662794,-0.005834750420929898,1.7742045274656846,63.28169071385187,65.57364880363752,87.0791104745739,0.08611111111111111,0.17430555555555555,0.35555555555555557,0.5111111111111111,0.4888888888888889,31,bbox_expand_6x,bbox_midpoint,object_minus_ring
bbox_expand_4x__inner50_median__object_depth,1440,-0.26503536508750847,-0.2314440718116135,30.979742468319415,28.72569490534414,0.6156337655135581,0.3522488258218093,37.047429313857016,0.06816722912685813,0.013120578854159248,2.7884825389184016,61.6510914587645,68.3473648069238,108.11533550120096,0.0875,0.1763888888888889,0.3506944444444444,0.5243055555555556,0.4756944444444444,32,bbox_expand_4x,inner50_median,object_depth
bbox_expand_4x__inner50_median__object_depth_percentile_5_95,1440,-0.2568927807500056,-0.23811269336018429,31.153770732163885,29.72414728844184,0.6295429391669063,0.3447483060810843,37.09404825519479,0.06582059454004874,0.005741347214636031,1.3102986767656475,59.74777789978689,67.92809082833092,90.18491358580472,0.08194444444444444,0.1736111111111111,0.34791666666666665,0.5159722222222223,0.4840277777777778,33,bbox_expand_4x,inner50_median,object_depth_percentile_5_95
bbox_expand_6x__bbox_midpoint__object_depth,1440,-0.26982169914199416,-0.23718016824921484,31.180816684045997,28.918719277828032,0.6187642645693254,0.35053634436283676,36.977969793623494,0.0716581046281427,0.0011250811739399876,3.120451811553984,60.87470665895885,68.45196823395027,96.27915108020653,0.06875,0.16111111111111112,0.3506944444444444,0.5215277777777778,0.47847222222222224,34,bbox_expand_6x,bbox_midpoint,object_depth
bbox_expand_4x__bbox_mean__object_minus_ring,1440,-0.248955484101378,-0.29536215316307557,31.28436534314942,30.892691950349572,0.6320712787993028,0.3448765971775614,37.194646497847685,0.06074677583036836,-0.0063523217056677414,1.7483078978031372,61.27460929418261,68.15901330179383,92.6642175611536,0.0875,0.17222222222222222,0.3506944444444444,0.5222222222222223,0.4777777777777778,35,bbox_expand_4x,bbox_mean,object_minus_ring
bbox_expand_8x__bbox_midpoint__object_minus_ring,1440,-0.2520571309936373,-0.2858975651538998,31.339889517416548,31.506111800354944,0.6299754366134691,0.3392008966608789,37.1620877069384,0.062390429824148,-0.0060366429818436195,1.7489787300620776,62.905792121566265,66.94486677903382,91.67476226786397,0.08611111111111111,0.17430555555555555,0.3611111111111111,0.5208333333333334,0.4791666666666667,36,bbox_expand_8x,bbox_midpoint,object_minus_ring
bbox_expand_8x__bbox_midpoint__object_depth,1440,-0.24445154095496716,-0.21833156749632818,31.379390336249486,29.163132035270266,0.622014407675542,0.3539545072577252,37.23373684193883,0.05877149020780592,0.004940277456032365,2.761868468497404,61.123137583542366,67.25525318864976,92.97733197406046,0.08472222222222223,0.15347222222222223,0.34652777777777777,0.5236111111111111,0.47638888888888886,37,bbox_expand_8x,bbox_midpoint,object_depth
bbox_expand_6x__inner50_median__object_minus_ring,1440,-0.23441520402669644,-0.27654355888754134,31.527772477224275,31.612888646595067,0.6392463884926621,0.34251447815660996,37.3246868937445,0.05416763674157021,-0.00811295883062889,1.673425631518235,61.97440813995794,67.71792355911222,85.70618410201526,0.08541666666666667,0.16805555555555557,0.3486111111111111,0.5194444444444445,0.48055555555555557,38,bbox_expand_6x,inner50_median,object_minus_ring
bbox_expand_4x__bbox_mean__object_depth_percentile_5_95,1440,-0.2221201657328546,-0.2118805298129585,31.53266569567687,29.37752693729415,0.6386380895675874,0.34950635803931984,37.42730884099904,0.04895947015817281,0.007515616529740833,2.0692918378153884,59.156615842036764,70.17743363185949,93.54627731262337,0.08819444444444445,0.17222222222222222,0.33541666666666664,0.5125,0.4875,39,bbox_expand_4x,bbox_mean,object_depth_percentile_5_95
bbox_expand_10x__bbox_midpoint__object_depth,1440,-0.22918800660209687,-0.20508937419442347,31.56306033648702,29.727138793135055,0.6271576566075804,0.35555276459995405,37.371164897871566,0.05181060311813901,0.006911640706486348,3.4728829156931837,61.64760866705007,67.53754728223166,90.68691721205207,0.08680555555555555,0.16597222222222222,0.3416666666666667,0.5229166666666667,0.47708333333333336,40,bbox_expand_10x,bbox_midpoint,object_depth
bbox_only__bbox_mean__object_depth,1440,0.19962639011963718,0.21487142649260313,31.616877994499863,30.070950794525388,0.6352899131072572,0.35442389349592895,37.61528204068561,0.03938255637884558,0.00526832895875739,3.0110307157928418,61.4730215755755,70.19357945640729,86.76636411079446,0.075,0.17152777777777778,0.34791666666666665,0.5256944444444445,0.47430555555555554,41,bbox_only,bbox_mean,object_depth
full_image__bbox_midpoint__object_minus_ring,1440,-0.2024441623725961,-0.3836729485372206,31.674866101887883,30.07054880374659,0.6370781762938852,0.35596926650944105,37.60356141046967,0.03998110500641783,0.01920834698602347,-0.47775863602280566,58.923542241766235,70.97943872032548,95.2169291456596,0.08541666666666667,0.16875,0.33611111111111114,0.49583333333333335,0.5041666666666667,42,full_image,bbox_midpoint,object_minus_ring
bbox_expand_6x__inner50_median__object_depth,1440,-0.21738287127802441,-0.18283531198541697,31.703222715850405,29.84521739074788,0.6349565209014527,0.35528894024390223,37.474863563509004,0.04654117175426431,0.0025783405125669864,3.0391897016661815,61.197260256087,69.01891941931122,93.68175991440022,0.06875,0.15763888888888888,0.34375,0.5215277777777778,0.47847222222222224,43,bbox_expand_6x,inner50_median,object_depth
bbox_expand_6x__bbox_midpoint__object_depth_percentile_5_95,1440,-0.2126248762039903,-0.2083166424793906,31.709024420126966,30.511747783129444,0.6431100256474761,0.34902580208516865,37.545710649524956,0.0429326926090966,-0.011551545661268392,1.552112681609401,60.83874841650532,68.69473835055209,87.7579249956373,0.075,0.1625,0.3368055555555556,0.5125,0.4875,44,bbox_expand_6x,bbox_midpoint,object_depth_percentile_5_95
bbox_expand_8x__inner50_median__object_depth,1440,-0.20759856282038391,-0.1852441053947149,31.714580310431696,29.98856629560956,0.6329858426567522,0.3581624337043624,37.561805711781986,0.042111967187785315,0.008943378335351958,3.075056148619616,61.907238273280285,68.10162507051538,91.39100072431455,0.08541666666666667,0.15833333333333333,0.3402777777777778,0.5215277777777778,0.47847222222222224,45,bbox_expand_8x,inner50_median,object_depth
bbox_expand_10x__inner50_median__object_depth,1440,-0.20647601688776807,-0.18675906926286992,31.75927947585464,29.899477425574517,0.6333532275664159,0.3570293488773034,37.56548813938779,0.04192414201947292,0.012611062652541073,3.146746286962262,61.59455050109778,67.9103367686839,89.64517656091557,0.08611111111111111,0.16111111111111112,0.33819444444444446,0.5263888888888889,0.4736111111111111,46,bbox_expand_10x,inner50_median,object_depth
bbox_expand_10x__bbox_midpoint__object_minus_ring,1440,-0.20661847747003695,-0.24959168417266936,31.773905294481274,31.82973819548603,0.6420381019868318,0.34684201105547485,37.57163975694904,0.041610332768800884,-0.022047688963660526,1.3854621802072273,61.573984802163615,68.46728924016986,96.87082540939221,0.07847222222222222,0.16319444444444445,0.3541666666666667,0.5180555555555556,0.48194444444444445,47,bbox_expand_10x,bbox_midpoint,object_minus_ring
bbox_expand_8x__inner50_median__object_minus_ring,1440,-0.1947492402150304,-0.2348420263563391,31.777486112523476,31.38036183929917,0.643937282474268,0.3491694042202489,37.666190322276,0.03678060985985754,0.0001299319527359128,1.0229398119144122,60.9657795668918,68.86890779323721,89.31771069139316,0.08333333333333333,0.16597222222222222,0.3486111111111111,0.5243055555555556,0.4756944444444444,48,bbox_expand_8x,inner50_median,object_minus_ring
bbox_expand_16x__bbox_midpoint__object_depth,1440,-0.2005681126877111,-0.19820731399151337,31.804710455244862,30.048794356757856,0.6358671627804023,0.35685075998123406,37.60713706584344,0.039798523368055116,-0.00026870930128097825,2.8044691169577547,60.85192679464641,68.07851282224114,89.92040463837502,0.08611111111111111,0.16527777777777777,0.33194444444444443,0.5284722222222222,0.47152777777777777,49,bbox_expand_16x,bbox_midpoint,object_depth
full_image__inner50_median__object_minus_ring,1440,-0.1777575535861474,-0.34449447793335686,31.828101069391334,30.709734483567942,0.6408856137026736,0.3568667794337298,37.78892537991552,0.0304930932715205,0.010406702058533786,-0.8077108704416531,58.60652975825058,71.32285125000936,99.92348245612487,0.08680555555555555,0.17152777777777778,0.3368055555555556,0.49583333333333335,0.5041666666666667,50,full_image,inner50_median,object_minus_ring
bbox_expand_16x__bbox_midpoint__object_minus_ring,1440,-0.18343376815343554,-0.23979680961805147,31.83949184459254,30.98135556023187,0.6465184392923021,0.34892274898842773,37.744854729324395,0.032753114429780794,-0.01267243849131824,0.5930433922987461,60.57356129167463,69.46326095242343,87.14511948505489,0.08472222222222223,0.16666666666666666,0.35833333333333334,0.5173611111111112,0.4826388888888889,51,bbox_expand_16x,bbox_midpoint,object_minus_ring
bbox_expand_6x__bbox_mean__object_minus_ring,1440,-0.1813954387089556,-0.24893183655111506,31.85760046319974,30.4700286449903,0.6474465134839028,0.3502057438234958,37.76948207801258,0.03149050538637832,0.008832417766752265,0.7156711464773977,60.56869767105845,69.56877716991792,90.26941671941016,0.08263888888888889,0.1638888888888889,0.3472222222222222,0.51875,0.48125,52,bbox_expand_6x,bbox_mean,object_minus_ring
bbox_expand_16x__inner50_median__object_depth,1440,-0.18683855731020607,-0.1873327768907689,31.906202095893807,30.077298838482996,0.638677211757291,0.35822157811471783,37.71124459722396,0.034474929060263615,0.0009400745742419126,2.7637424237200747,60.73982845103534,68.30490473284112,89.20560131717534,0.08611111111111111,0.16527777777777777,0.3333333333333333,0.5298611111111111,0.4701388888888889,53,bbox_expand_16x,inner50_median,object_depth
bbox_expand_16x__inner50_median__object_minus_ring,1440,-0.16202152385141624,-0.20584866700676324,31.957474526935716,30.286075488384803,0.6491090399501073,0.34936210486937125,37.888400744044496,0.025382125527822597,-0.0184279076724983,0.08632248509701057,59.91168032389045,70.12325823315769,87.00636187494656,0.08055555555555556,0.1673611111111111,0.33819444444444446,0.5013888888888889,0.4986111111111111,54,bbox_expand_16x,inner50_median,object_minus_ring
bbox_expand_6x__inner50_median__object_depth_percentile_5_95,1440,-0.17127533984903617,-0.15675994250422903,31.9828993933985,30.66244225180278,0.651156024325196,0.3473170890487965,37.842269764710544,0.027753970504016512,0.00087010787684297,1.9421408131410232,61.43349722474259,69.63823413705,86.29084497449992,0.075,0.15833333333333333,0.33541666666666664,0.5118055555555555,0.48819444444444443,55,bbox_expand_6x,inner50_median,object_depth_percentile_5_95
bbox_only__bbox_mean__object_depth_percentile_5_95,1440,0.1763639129471398,0.1552903768020532,31.994595987974893,30.93110666857345,0.638409077869471,0.36265073118406077,37.82538624060218,0.02862132214942903,0.010113094087091667,2.9244322820518605,61.06013246435516,71.24520129626643,87.55233212670507,0.08680555555555555,0.15902777777777777,0.33541666666666664,0.5166666666666667,0.48333333333333334,56,bbox_only,bbox_mean,object_depth_percentile_5_95
bbox_expand_4x__bbox_midpoint__object_minus_ring_normalized,1440,-0.1690757205955265,-0.3028435692641804,31.99807920327033,31.08445779986495,0.6499589319257665,0.3507526157183837,38.11623726901092,0.013625430123313187,-0.06031446162753582,0.10009723209407895,59.749630254966256,70.14740071931618,226.06390356768534,0.0763888888888889,0.16597222222222222,0.33958333333333335,0.5013888888888889,0.4986111111111111,57,bbox_expand_4x,bbox_midpoint,object_minus_ring_normalized
bbox_expand_10x__inner50_median__object_minus_ring,1440,-0.16965118955779565,-0.2150649948183034,32.00065179732093,30.903895737622186,0.6489160100155504,0.3510108346391453,37.83706332000278,0.028021480725160308,-0.016489155050665734,0.3907837061561068,60.43994456106356,69.64348365041013,94.35621529330919,0.07847222222222222,0.15625,0.3388888888888889,0.5159722222222223,0.4840277777777778,58,bbox_expand_10x,inner50_median,object_minus_ring
full_image__bbox_midpoint__object_minus_ring_normalized,1440,-0.1595469012953414,-0.3824635726008521,32.02900184902556,28.998493526900845,0.6497842428152626,0.34283041050929375,37.95909286157493,0.021741851740649243,-0.036454565945683096,-1.2298169976819366,58.31642830455708,71.56945845108103,101.68808672733984,0.08611111111111111,0.16944444444444445,0.33611111111111114,0.4951388888888889,0.5048611111111111,59,full_image,bbox_midpoint,object_minus_ring_normalized
bbox_expand_4x__bbox_mean__object_minus_ring_normalized,1440,-0.15638626448836396,-0.26013012662552204,32.082128691775544,31.048918277054796,0.653610990379735,0.35127310196264927,37.966287631120274,0.02137097833847401,-0.01421810029849237,0.06247800296676331,59.386032061757845,70.375939221575,129.54347513737264,0.07916666666666666,0.16458333333333333,0.33402777777777776,0.5006944444444444,0.49930555555555556,60,bbox_expand_4x,bbox_mean,object_minus_ring_normalized
bbox_expand_8x__bbox_mean__object_minus_ring,1440,-0.1389230094723414,-0.19836555803018285,32.096964959220365,30.172252936660776,0.6525896231053088,0.3528751146511705,38.03002704423252,0.018082292287372903,0.007497128890852562,0.11323082979775023,59.80790753637721,70.41069210784384,83.84337223866889,0.08263888888888889,0.16527777777777777,0.33611111111111114,0.5034722222222222,0.4965277777777778,61,bbox_expand_8x,bbox_mean,object_minus_ring
bbox_expand_8x__bbox_midpoint__object_depth_percentile_5_95,1440,-0.14150271026221148,-0.1401191342914698,32.12779417565892,31.10606349804545,0.6534705836770092,0.3568895334005435,38.02326994998232,0.01843119138496485,0.0030787991688334335,1.9262268386277057,61.94554092407975,70.37494153970398,83.58561457870604,0.08125,0.1701388888888889,0.33819444444444446,0.5090277777777777,0.4909722222222222,62,bbox_expand_8x,bbox_midpoint,object_depth_percentile_5_95
full_image__inner50_median__object_minus_ring_normalized,1440,-0.1400603871755252,-0.34342181238217506,32.18039923652515,28.962946903944633,0.6535256141746053,0.3651228130309788,38.15569455554275,0.01158221645315427,-0.07377936569627966,-1.1975353897712537,58.1572313201775,71.78855092257021,133.94047750985197,0.08402777777777778,0.16944444444444445,0.33541666666666664,0.49722222222222223,0.5027777777777778,63,full_image,inner50_median,object_minus_ring_normalized
bbox_expand_4x__inner50_median__object_minus_ring_normalized,1440,-0.13589214056915405,-0.2546222037372185,32.18400288769524,30.055009675573878,0.6550238056766092,0.34624603321278313,38.261349644314095,0.006100677835731094,-0.04352112842683861,-0.5771093658432491,58.984914641917726,71.00845089894881,198.3520115906116,0.08055555555555556,0.16180555555555556,0.3368055555555556,0.49444444444444446,0.5055555555555555,64,bbox_expand_4x,inner50_median,object_minus_ring_normalized
bbox_expand_16x__bbox_mean__object_minus_ring,1440,-0.11764674278666785,-0.16700453868664167,32.20538360755913,31.496506338343195,0.6549028660804255,0.3519780853784602,38.126904470492015,0.013073259744029064,-0.008032150186025117,-0.45510133991708557,59.039665291099354,71.13140176809155,92.20836363668778,0.08263888888888889,0.1638888888888889,0.3368055555555556,0.4965277777777778,0.5034722222222222,65,bbox_expand_16x,bbox_mean,object_minus_ring
bbox_expand_10x__bbox_mean__object_depth,1440,-0.13831535063432954,-0.12872927871702602,32.20870918637973,31.406964807229144,0.6469203834854196,0.3590258717433182,38.01923416059781,0.018639547728406813,0.011208141890258755,2.765396206550534,59.39439796366537,69.73828232502728,85.50802429143326,0.08541666666666667,0.16527777777777777,0.3368055555555556,0.5256944444444445,0.47430555555555554,66,bbox_expand_10x,bbox_mean,object_depth
bbox_expand_6x__bbox_mean__object_depth_percentile_5_95,1440,-0.11874491900227914,-0.11589897756815253,32.24765931746635,31.53445379021572,0.6567218214138565,0.3530767588490871,38.14480179347309,0.012146486768872755,-0.016653874778449387,2.7228910231050563,61.09686897746927,71.17347141475338,86.57766273941222,0.08333333333333333,0.15902777777777777,0.3368055555555556,0.5118055555555555,0.48819444444444443,67,bbox_expand_6x,bbox_mean,object_depth_percentile_5_95
bbox_expand_8x__bbox_mean__object_depth,1440,-0.128169633142191,-0.11543336733352869,32.24858813568642,31.244095265265102,0.648822193525369,0.35962773301306206,38.07860112392626,0.015572369863595892,0.009932811541532121,2.3118160746602925,59.6919612309855,69.79730977320638,84.784380335463,0.08680555555555555,0.16458333333333333,0.3388888888888889,0.5291666666666667,0.4708333333333333,68,bbox_expand_8x,bbox_mean,object_depth
bbox_expand_16x__bbox_mean__object_depth,1440,-0.12705007526697676,-0.12903464379631896,32.256865527367054,31.151176971115717,0.6493992098127408,0.36113235083104744,38.0760895634697,0.015702225892820776,0.002397482199141147,2.957154148931018,59.43831903834476,70.07112325472353,84.77887405666074,0.0875,0.16319444444444445,0.3277777777777778,0.5256944444444445,0.47430555555555554,69,bbox_expand_16x,bbox_mean,object_depth
full_image__bbox_mean__object_minus_ring_normalized,1440,-0.10919604197643601,-0.17169372224427545,32.283885964077754,29.47226307679724,0.6539172119577953,0.3603550838257462,38.17915701240921,0.010366259567844649,0.003711805040926366,-0.14514339723736214,58.30092992999095,72.02652798396477,80.73320087165447,0.08125,0.16666666666666666,0.3326388888888889,0.5,0.5,70,full_image,bbox_mean,object_minus_ring_normalized
bbox_expand_8x__inner50_median__object_depth_percentile_5_95,1440,-0.10668710815942938,-0.10038244202787869,32.28774783723381,31.322208586787553,0.6575972904351702,0.3587470879029995,38.20877387916134,0.008830279140787156,0.01768830585543684,1.9457498985760608,60.953724857071336,71.02796557355173,82.62285373255331,0.08541666666666667,0.15833333333333333,0.3298611111111111,0.5118055555555555,0.48819444444444443,71,bbox_expand_8x,inner50_median,object_depth_percentile_5_95
bbox_expand_10x__bbox_mean__object_minus_ring,1440,-0.10641354797928178,-0.17319432788159683,32.293291914431826,31.277635343105953,0.6563921163429014,0.3623279589730493,38.17131465207641,0.010772778092566937,-0.012204407063763432,0.5872700392098551,58.87794490385478,71.13981318429921,98.33845897428486,0.0798611111111111,0.16180555555555556,0.3347222222222222,0.5013888888888889,0.4986111111111111,72,bbox_expand_10x,bbox_mean,object_minus_ring
full_image__bbox_mean__object_minus_ring,1440,-0.09946597141088419,-0.17273686473701877,32.295554361687834,30.75812108195248,0.6542877706453932,0.36217482797365064,38.22571826555966,0.00795097917876697,0.03781820803919547,1.7395808094944272,58.66031954969855,72.02974095391508,82.8974548260154,0.08125,0.16805555555555557,0.33055555555555555,0.5020833333333333,0.4979166666666667,73,full_image,bbox_mean,object_minus_ring
full_image__bbox_midpoint__object_depth_percentile_5_95,1440,-0.1339981300018511,-0.12734013591171325,32.30248897603151,31.35227367511437,0.6509492459080306,0.3581284376118994,38.048258635416495,0.017140604115951752,0.002039779701446302,3.022325188812424,60.41447126188448,70.01851294996275,86.75819419994356,0.08055555555555556,0.16180555555555556,0.32569444444444445,0.5256944444444445,0.47430555555555554,74,full_image,bbox_midpoint,object_depth_percentile_5_95
bbox_expand_10x__bbox_midpoint__object_depth_percentile_5_95,1440,-0.09590510652576664,-0.0890274831103367,32.31696199826429,31.393028946844943,0.6581828905493526,0.36062074472661954,38.219168683957676,0.008290904740382965,0.0052697991450259,1.66747369797352,61.06858593142275,71.20157737823268,80.68873157478427,0.08125,0.16597222222222222,0.3326388888888889,0.5159722222222223,0.4840277777777778,75,bbox_expand_10x,bbox_midpoint,object_depth_percentile_5_95
bbox_expand_4x__bbox_mean__object_depth,1440,-0.11110080944189304,-0.09194817236458658,32.323490998671964,31.681618072799438,0.6522282802791003,0.3610275862554019,38.193162853550554,0.009640041578839909,0.012689766918871708,3.102486229807603,60.05800761288962,71.0822067537311,90.91519676844985,0.07847222222222222,0.17152777777777778,0.3347222222222222,0.525,0.475,76,bbox_expand_4x,bbox_mean,object_depth
bbox_expand_6x__bbox_mean__object_depth,1440,-0.11534365974744669,-0.08690894236629249,32.3244393884433,31.538900299548118,0.6522357810765035,0.3609718257149429,38.13713132510624,0.01254373813291132,0.008984960914146238,2.4824731533672306,60.02279267610154,71.19830903146645,83.9930487051102,0.08472222222222223,0.16041666666666668,0.3375,0.5215277777777778,0.47847222222222224,77,bbox_expand_6x,bbox_mean,object_depth
full_image__inner50_median__object_depth_percentile_5_95,1440,-0.12243311793398645,-0.1154171785427794,32.35199790959724,31.504895390972536,0.6526464455875577,0.35804925406518107,38.106394907271394,0.014134766961978351,0.0043250527080721845,2.9493628688715674,60.063793253924196,70.31332074445612,85.72503253624967,0.08055555555555556,0.1625,0.3263888888888889,0.5229166666666667,0.47708333333333336,78,full_image,inner50_median,object_depth_percentile_5_95
bbox_expand_10x__inner50_median__object_depth_percentile_5_95,1440,-0.07634260012794958,-0.0645374662663946,32.388306364851836,32.14435434568742,0.6597467728177885,0.35696609483865505,38.296994694037444,0.00424794166101361,0.014129317419059994,1.7734743939288506,60.376530400922704,71.6400298533697,80.22960159139635,0.0798611111111111,0.16805555555555557,0.3298611111111111,0.5138888888888888,0.4861111111111111,79,bbox_expand_10x,inner50_median,object_depth_percentile_5_95
full_image__bbox_mean__object_depth_percentile_5_95,1440,-0.10215043330160031,-0.09682697145818468,32.409022084677424,31.85295263819995,0.655336893562247,0.3584822565960116,38.19003508952203,0.009802242621381185,-0.0007182950655482677,2.5819215426646807,59.731185919473674,70.69852657798934,83.99296708901531,0.0798611111111111,0.15694444444444444,0.325,0.525,0.475,80,full_image,bbox_mean,object_depth_percentile_5_95
bbox_expand_16x__bbox_midpoint__object_depth_percentile_5_95,1440,-0.057879465443375265,-0.049895153960330375,32.41261362032928,32.324857079298596,0.6593735308162163,0.3563605275617251,38.33291222151331,0.0023792977319979647,-0.006812306758186221,1.6023134909459174,59.350881171087195,71.7717007362142,78.46605414485974,0.08680555555555555,0.17152777777777778,0.32708333333333334,0.5097222222222222,0.49027777777777776,81,bbox_expand_16x,bbox_midpoint,object_depth_percentile_5_95
full_image__bbox_midpoint__object_depth,1440,-0.09822250216550367,-0.09292104628563749,32.413666585376866,32.04237978985981,0.654608133546243,0.35713283475981394,38.206077247829555,0.008970180254289528,0.006769701313356159,2.71680948222469,59.01343940405351,71.14494111024837,80.18321576138291,0.08125,0.15694444444444444,0.33194444444444443,0.5256944444444445,0.47430555555555554,82,full_image,bbox_midpoint,object_depth
bbox_expand_8x__bbox_mean__object_depth_percentile_5_95,1440,-0.06176356133340049,-0.057086645579462726,32.42782437941388,31.141994924194798,0.6600239843393594,0.3552866790283561,38.34329537189762,0.0018387779508330926,0.00252304051764693,2.2749590576351792,59.63216971378551,71.94681972639215,79.48181315737337,0.08541666666666667,0.16805555555555557,0.3333333333333333,0.5111111111111111,0.4888888888888889,83,bbox_expand_8x,bbox_mean,object_depth_percentile_5_95
full_image__inner50_median__object_depth,1440,-0.09055180203796892,-0.0852009755622431,32.4336052204033,32.10249963272459,0.6555418148641982,0.35767654533511506,38.23482887585119,0.007478038473126336,0.007995823935294135,2.5014638664413553,58.88580842161546,71.26756089363302,79.48106366209734,0.08194444444444444,0.15763888888888888,0.33055555555555555,0.5236111111111111,0.47638888888888886,84,full_image,inner50_median,object_depth
bbox_expand_16x__inner50_median__object_depth_percentile_5_95,1440,-0.04658238999808756,-0.03782790827513577,32.44605083992527,32.340660199501414,0.6599363394192777,0.35583368593886927,38.35744338699975,0.0011020334799045628,-0.0009208215664734275,2.195452666356445,59.00402447488259,72.02599248407127,77.80454733364355,0.08333333333333333,0.16875,0.3284722222222222,0.50625,0.49375,85,bbox_expand_16x,inner50_median,object_depth_percentile_5_95
full_image__bbox_mean__object_depth,1440,-0.07659171192168779,-0.07049504053859099,32.45998953700802,31.94048732684952,0.6571778773425693,0.35628968189256605,38.28158525303796,0.005049095681620153,0.009333277999919827,2.2505569078313314,58.977596039017506,71.48509716817365,78.28236811531649,0.08611111111111111,0.1597222222222222,0.33125,0.5215277777777778,0.47847222222222224,86,full_image,bbox_mean,object_depth
bbox_expand_1_5x__bbox_mean__object_depth,1440,0.034977812770039106,0.06439016823645857,32.464619744628614,33.03160328908945,0.6604495406186555,0.3579148209177333,38.37120339301389,0.0003852334972281879,0.030304068140910405,2.250967632250152,58.80552212219121,72.11326682691293,76.88695323279201,0.0875,0.16319444444444445,0.33055555555555555,0.5034722222222222,0.4965277777777778,87,bbox_expand_1_5x,bbox_mean,object_depth
bbox_expand_2x__bbox_mean__object_depth,1440,-0.04052432659328309,-0.012572669627879566,32.48468636534706,31.40532249272639,0.6596061130409275,0.3577418355782017,38.36739078003497,0.0005838696908092578,0.026866692143461376,1.017044185820886,58.84877501731063,72.26075751344649,75.83372108003257,0.08541666666666667,0.16180555555555556,0.33055555555555555,0.5013888888888889,0.4986111111111111,88,bbox_expand_2x,bbox_mean,object_depth
bbox_expand_10x__bbox_mean__object_depth_percentile_5_95,1440,-0.025948201727672815,-0.021915793437555953,32.49068788913179,32.339424495696754,0.6609817192521545,0.3539154011678123,38.39531632480251,-0.0008715014528852816,-0.007546491249521144,1.7879835389193062,58.30601436695682,72.38571780527066,76.40888613726102,0.08263888888888889,0.16875,0.33194444444444443,0.5020833333333333,0.4979166666666667,89,bbox_expand_10x,bbox_mean,object_depth_percentile_5_95
bbox_expand_16x__bbox_mean__object_minus_ring_normalized,1440,-0.05020780655347714,-0.12723633355677147,32.493533029813,29.89853196602767,0.661444932007512,0.37077717464804466,38.34410213092413,0.0017967740469089222,-0.012223533490580647,-1.1216522822829518,57.97300533896075,72.12399010634739,76.56647271370849,0.07916666666666666,0.16319444444444445,0.33125,0.4979166666666667,0.5020833333333333,90,bbox_expand_16x,bbox_mean,object_minus_ring_normalized
bbox_expand_8x__bbox_mean__object_minus_ring_normalized,1440,-0.04601439477536013,-0.146785431167003,32.49446281220656,33.649720882867626,0.6613043803668874,0.37456408179651246,38.374298080301315,0.00022398654201938317,-0.014687171438360262,-1.8496462249087386,57.80013377997256,72.23037006972817,73.53967766988289,0.08402777777777778,0.16666666666666666,0.3326388888888889,0.49930555555555556,0.5006944444444444,91,bbox_expand_8x,bbox_mean,object_minus_ring_normalized
bbox_only__bbox_mean__object_minus_ring,1440,0.0,0.0,32.5,32.5,0.6607668363239022,0.35304347826086874,38.37859646556485,0.0,1.0105496686365869e-13,2.5000000000000995,57.5000000000001,72.4999999999999,72.4999999999999,0.08333333333333333,0.16666666666666666,0.3333333333333333,0.5,0.5,92,bbox_only,bbox_mean,object_minus_ring
bbox_only__bbox_mean__object_minus_ring_normalized,1440,0.0,0.0,32.5,32.5,0.6607668363239022,0.35304347826086874,38.37859646556485,0.0,1.0105496686365869e-13,2.5000000000000995,57.5000000000001,72.4999999999999,72.4999999999999,0.08333333333333333,0.16666666666666666,0.3333333333333333,0.5,0.5,93,bbox_only,bbox_mean,object_minus_ring_normalized
bbox_only__bbox_midpoint__object_minus_ring,1440,0.0,0.0,32.5,32.5,0.6607668363239022,0.35304347826086874,38.37859646556485,0.0,1.0105496686365869e-13,2.5000000000000995,57.5000000000001,72.4999999999999,72.4999999999999,0.08333333333333333,0.16666666666666666,0.3333333333333333,0.5,0.5,94,bbox_only,bbox_midpoint,object_minus_ring
bbox_only__bbox_midpoint__object_minus_ring_normalized,1440,0.0,0.0,32.5,32.5,0.6607668363239022,0.35304347826086874,38.37859646556485,0.0,1.0105496686365869e-13,2.5000000000000995,57.5000000000001,72.4999999999999,72.4999999999999,0.08333333333333333,0.16666666666666666,0.3333333333333333,0.5,0.5,95,bbox_only,bbox_midpoint,object_minus_ring_normalized
bbox_only__inner50_median__object_minus_ring,1440,0.0,0.0,32.5,32.5,0.6607668363239022,0.35304347826086874,38.37859646556485,0.0,1.0105496686365869e-13,2.5000000000000995,57.5000000000001,72.4999999999999,72.4999999999999,0.08333333333333333,0.16666666666666666,0.3333333333333333,0.5,0.5,96,bbox_only,inner50_median,object_minus_ring
bbox_only__inner50_median__object_minus_ring_normalized,1440,0.0,0.0,32.5,32.5,0.6607668363239022,0.35304347826086874,38.37859646556485,0.0,1.0105496686365869e-13,2.5000000000000995,57.5000000000001,72.4999999999999,72.4999999999999,0.08333333333333333,0.16666666666666666,0.3333333333333333,0.5,0.5,97,bbox_only,inner50_median,object_minus_ring_normalized
bbox_expand_16x__inner50_median__object_minus_ring_normalized,1440,-0.04746635365515426,-0.1514343666759295,32.50054677909208,32.48082577861039,0.6615986177819839,0.3761320287538288,38.345940264048,0.0017010683560254591,-0.011040576091727417,-2.0396079087353343,57.85968975608649,72.19006382792234,73.72748244822755,0.08333333333333333,0.16319444444444445,0.33125,0.4979166666666667,0.5020833333333333,98,bbox_expand_16x,inner50_median,object_minus_ring_normalized
bbox_expand_16x__bbox_midpoint__object_minus_ring_normalized,1440,-0.05099968742616764,-0.18067429204304558,32.50216822844446,33.276881659760306,0.6616987237218737,0.37566372705439166,38.34199623531044,0.0019064156320949266,-0.014919331227219522,-1.9970659752621671,57.90847115200284,72.14197424143872,73.68600777646122,0.08263888888888889,0.16319444444444445,0.33055555555555555,0.49722222222222223,0.5027777777777778,99,bbox_expand_16x,bbox_midpoint,object_minus_ring_normalized
bbox_expand_8x__bbox_midpoint__object_minus_ring_normalized,1440,-0.04267743630794824,-0.22035829254277564,32.50732152898864,33.744656128907444,0.6613950849825195,0.37599150275730386,38.39565168447517,-0.0008889855336062791,-0.026455920816230598,-2.059730046883871,57.72761377758084,72.28493282832105,77.01800765151539,0.08541666666666667,0.16666666666666666,0.3326388888888889,0.4986111111111111,0.5013888888888889,100,bbox_expand_8x,bbox_midpoint,object_minus_ring_normalized
bbox_expand_16x__bbox_mean__object_depth_percentile_5_95,1440,0.004842120586017814,0.010809449719209652,32.512676607868336,32.593188585476575,0.6608935756874513,0.35345540886039806,38.400681212536384,-0.0011512198609413549,-0.004640249736856579,2.5701100105408727,57.74695143243888,72.47564522786861,73.74133422558864,0.08333333333333333,0.16666666666666666,0.3333333333333333,0.5,0.5,101,bbox_expand_16x,bbox_mean,object_depth_percentile_5_95
bbox_expand_8x__inner50_median__object_minus_ring_normalized,1440,-0.038354714611267014,-0.17786189544931563,32.514714515018326,34.34481176255987,0.661560893899433,0.3766606578847048,38.40347246838624,-0.0012967678393891457,-0.024871600947456805,-2.115671841885515,57.70355067923723,72.32572019890529,75.01994976806735,0.08402777777777778,0.16666666666666666,0.3326388888888889,0.4986111111111111,0.5013888888888889,102,bbox_expand_8x,inner50_median,object_minus_ring_normalized
bbox_expand_10x__bbox_mean__object_minus_ring_normalized,1440,-0.04869405227722306,-0.1222982461079432,32.516621644821925,30.576061353670795,0.6620518920743618,0.3595927028836653,38.381487459150655,-0.00015066223045367977,-0.026008524284129128,-1.3647378696434416,57.99058593273675,72.13921780597248,76.54396561498979,0.07916666666666666,0.1638888888888889,0.33125,0.4979166666666667,0.5020833333333333,103,bbox_expand_10x,bbox_mean,object_minus_ring_normalized
bbox_expand_10x__bbox_midpoint__object_minus_ring_normalized,1440,-0.05445524512759689,-0.18746634053234887,32.57941741123178,32.35529949152483,0.6631514366045017,0.3655532312392026,38.59512093001035,-0.01131543509055044,-0.08315488670233814,-1.4355178876583068,57.884541810425695,72.15249694683523,177.71948975007027,0.08263888888888889,0.1638888888888889,0.33055555555555555,0.4979166666666667,0.5020833333333333,104,bbox_expand_10x,bbox_midpoint,object_minus_ring_normalized
bbox_expand_10x__inner50_median__object_minus_ring_normalized,1440,-0.0491379365255053,-0.15754962998126618,32.58609905156494,32.14715189996778,0.6633328701526716,0.36944779278717754,38.58439490330555,-0.010753400885475273,-0.07204640877434182,-1.6216120762336033,57.83524731196934,72.21524169802221,167.7763619116937,0.08194444444444444,0.16458333333333333,0.33125,0.4979166666666667,0.5020833333333333,105,bbox_expand_10x,inner50_median,object_minus_ring_normalized
bbox_expand_6x__bbox_mean__object_minus_ring_normalized,1440,-0.030982967455062297,-0.20177392216537632,33.02777433013375,34.25522094924594,0.6705807006470126,0.3622736606172027,44.17970795305794,-0.3251575184050859,-0.5449707200458761,-1.257962187684143,57.60455941567056,72.40036752924154,832.8567704976153,0.08541666666666667,0.16597222222222222,0.33194444444444443,0.4965277777777778,0.5034722222222222,106,bbox_expand_6x,bbox_mean,object_minus_ring_normalized
bbox_expand_6x__inner50_median__object_minus_ring_normalized,1440,-0.024820880370722085,-0.218437790015023,33.103086943414716,35.56282838548088,0.6716667490494588,0.3693754919058768,45.58752299851935,-0.4109571167007844,-0.600552708942261,-1.4553622995091757,57.56698878289735,72.43680639766201,935.6580433136265,0.08541666666666667,0.16666666666666666,0.3333333333333333,0.49722222222222223,0.5027777777777778,107,bbox_expand_6x,inner50_median,object_minus_ring_normalized
bbox_expand_6x__bbox_midpoint__object_minus_ring_normalized,1440,-0.027747860087938055,-0.25826527745361344,33.15960240192335,34.926583897234686,0.6724301898161429,0.36554239936218513,47.30106157642534,-0.5190203742620301,-0.687148573439438,-1.0884650675252772,57.579945968821484,72.42143966319009,1052.5217345991402,0.08402777777777778,0.1673611111111111,0.3333333333333333,0.49722222222222223,0.5027777777777778,108,bbox_expand_6x,bbox_midpoint,object_minus_ring_normalized
