display_name,model_name,split_name,true_distance_m,count,mae,median_absolute_error,mean_relative_error,median_relative_error,rmse,r2,mean_signed_error,median_signed_error,p90_absolute_error,p95_absolute_error,max_absolute_error,within_5m_rate,within_10m_rate,within_20m_rate,overprediction_rate,underprediction_rate
scale only,scale_only,cv_oof,20.0,1087,42.289410886309476,35.84159930875212,2.1144705443154734,1.792079965437606,52.6350731097411,0.0,39.51741018030826,35.84159930875212,86.0736903438339,101.37588152544787,160.2062633920442,0.07083716651333946,0.1453541858325667,0.31462741490340385,0.8620055197792088,0.13799448022079117
scale only,scale_only,cv_oof,30.0,1065,36.68152167715315,29.8747648752063,1.2227173892384382,0.99582549584021,45.900472158033935,0.0,28.231365762513963,25.403961829482114,76.80007345692596,91.28025022473848,140.6291661196394,0.08450704225352113,0.1643192488262911,0.3314553990610329,0.7492957746478873,0.2507042253521127
scale only,scale_only,cv_oof,40.0,1022,31.771539219490336,27.101918864825297,0.7942884804872583,0.6775479716206324,40.3119439056542,0.0,15.023692653841353,12.12987049084342,66.11530706267106,81.36515737877598,144.2937169311781,0.08610567514677103,0.1888454011741683,0.38551859099804303,0.6066536203522505,0.3933463796477495
scale only,scale_only,cv_oof,50.0,1064,30.55110565966026,28.776036988286492,0.6110221131932051,0.5755207397657298,36.29580245712678,0.0,-0.38208291540010786,-2.2044808082539653,51.495984174668884,63.9934006212808,105.92471826761764,0.09774436090225563,0.17951127819548873,0.35620300751879697,0.4774436090225564,0.5225563909774437
scale only,scale_only,cv_oof,60.0,1118,30.65551339081211,27.58665197655878,0.5109252231802018,0.45977753294264634,36.605757517571426,0.0,-13.145864776444878,-15.304723296402514,60.0,60.0,99.6102977096545,0.09302325581395349,0.2003577817531306,0.3694096601073345,0.35241502683363146,0.6475849731663685
scale only,scale_only,cv_oof,70.0,1065,35.51191823541291,32.85751569336563,0.5073131176487559,0.4693930813337947,42.10378181938252,0.0,-22.64035032980402,-25.262346939335444,70.0,70.0,77.2927546823139,0.07793427230046948,0.1643192488262911,0.30985915492957744,0.28826291079812205,0.711737089201878
scale only,scale_only,cv_oof,80.0,1095,38.35894542007369,35.7234993374725,0.479486817750921,0.4465437417184062,46.010220102839796,0.0,-27.64286401600603,-30.302034636133193,78.89418215372523,80.0,96.92008225025893,0.0821917808219178,0.1634703196347032,0.3132420091324201,0.2401826484018265,0.7598173515981735
scale only,scale_only,cv_oof,90.0,1047,40.88628648817917,37.24384190102386,0.4542920720908797,0.4138204655669318,48.77480768984141,0.0,-31.80995332882096,-33.07490563152964,82.76597592362508,89.91484189279396,90.0005748899933,0.06781279847182425,0.13753581661891118,0.2722063037249284,0.20534861509073543,0.7946513849092646
scale only,scale_only,cv_oof,100.0,1066,50.22845709034761,46.982283577135775,0.502284570903476,0.46982283577135775,58.89447552067812,0.0,-45.65507998026773,-46.686806229486805,99.27677402110314,100.0,100.01637381296082,0.04971857410881801,0.09380863039399624,0.20544090056285177,0.12288930581613508,0.8771106941838649
scale only,scale_only,cv_oof,115.0,1139,63.81314127570034,65.32536204489378,0.5548968806582638,0.5680466264773372,70.56148308181822,0.0,-63.38697580487364,-65.32536204489378,104.68787689241076,110.13994523582078,115.0,0.027216856892010536,0.041264266900790166,0.08867427568042142,0.02370500438981563,0.9762949956101844
scale only,scale_only,cv_oof,125.0,1018,72.12646604010942,73.22414941928876,0.5770117283208754,0.5857931953543101,78.66891427490971,0.0,-71.96139321065316,-73.22414941928876,114.21519734608485,118.76395951377046,125.00212343171215,0.0137524557956778,0.029469548133595286,0.060903732809430254,0.011787819253438114,0.9882121807465619
scale only,scale_only,cv_oof,150.0,1018,96.53091979348653,98.36861708331395,0.6435394652899101,0.6557907805554263,101.68647556077926,0.0,-96.53091979348653,-98.36861708331395,139.81417690617118,144.46982184387676,150.0,0.0029469548133595285,0.0068762278978389,0.011787819253438114,0.0,1.0
scale only,scale_only,test,20.0,177,42.32214821811352,37.23168086164242,2.116107410905676,1.8615840430821209,52.037803008626696,0.0,39.0410670166118,37.23168086164242,87.13490683627136,95.34356789055197,137.74825686112453,0.05084745762711865,0.14689265536723164,0.3389830508474576,0.8587570621468926,0.14124293785310735
scale only,scale_only,test,30.0,193,37.842038141493695,30.0,1.261401271383123,1.0,47.6108891742232,0.0,30.435791408251998,28.604081839400592,79.54497279465821,91.79404678483583,134.08432391128522,0.10880829015544041,0.18652849740932642,0.31088082901554404,0.7772020725388601,0.22279792746113988
scale only,scale_only,test,40.0,186,33.15448771402703,28.370766533775893,0.8288621928506756,0.7092691633443973,41.07506393638858,0.0,14.743148088867871,11.26694721537256,64.74129472598574,82.6449028476327,143.2111492453069,0.08602150537634409,0.17204301075268819,0.3172043010752688,0.5752688172043011,0.42473118279569894
scale only,scale_only,test,50.0,186,33.437363653811744,34.243296305162694,0.6687472730762348,0.6848659261032539,39.5433286005263,0.0,0.9438577245385776,0.6158532886777301,56.95890185626769,68.8340428625754,102.21301950074562,0.07526881720430108,0.1881720430107527,0.3279569892473118,0.510752688172043,0.489247311827957
scale only,scale_only,test,60.0,203,29.769472336388315,25.994942790494264,0.49615787227313857,0.43324904650823776,35.57972852196032,0.0,-8.454701161634402,-7.359526775172675,60.0,60.0,79.48944156396709,0.09359605911330049,0.18719211822660098,0.3694581280788177,0.4088669950738916,0.5911330049261084
scale only,scale_only,test,70.0,189,34.80965016406101,34.66962941463731,0.49728071662944306,0.49528042020910445,41.632195859015255,0.0,-17.288526675591875,-21.108250683178518,70.0,70.0,80.22978313704272,0.10052910052910052,0.20634920634920634,0.31216931216931215,0.3544973544973545,0.6455026455026455
scale only,scale_only,test,80.0,187,41.71969069274941,40.085690263183956,0.5214961336593678,0.5010711282897995,49.15352861698589,0.0,-29.017205213983523,-30.41503172312767,80.0,80.0,83.6469250836615,0.06951871657754011,0.13903743315508021,0.28342245989304815,0.24598930481283424,0.7540106951871658
scale only,scale_only,test,90.0,190,40.171290238686105,35.97407718531939,0.4463476693187346,0.39971196872577097,48.726662749460495,0.0,-29.781368611243288,-34.4901759154056,82.9309065818311,89.98259658198148,90.0,0.06842105263157895,0.1631578947368421,0.33157894736842103,0.2736842105263158,0.7263157894736842
scale only,scale_only,test,100.0,188,49.32561311322775,45.26689856368499,0.49325613113227756,0.4526689856368499,58.135138111684775,0.0,-44.8601358105973,-44.84397625489822,97.74065514996965,100.0,100.0,0.03723404255319149,0.11170212765957446,0.22872340425531915,0.11170212765957446,0.8882978723404256
scale only,scale_only,test,115.0,187,63.419338163587504,63.032963700226404,0.5514725057703261,0.5481127278280556,70.9460298239608,0.0,-62.74732122543559,-63.032963700226404,106.91736298562957,111.51766865378427,115.0,0.016042780748663103,0.053475935828877004,0.10695187165775401,0.03208556149732621,0.9679144385026738
scale only,scale_only,test,125.0,185,72.30132514113781,73.91707879258212,0.5784106011291026,0.591336630340657,79.10639513588305,0.0,-71.97274679817298,-73.91707879258212,116.87129329281248,118.92004245418806,125.0,0.016216216216216217,0.032432432432432434,0.05405405405405406,0.016216216216216217,0.9837837837837838
scale only,scale_only,test,150.0,189,95.56091113367523,95.39560336452834,0.637072740891168,0.6359706890968556,100.72097229205328,0.0,-95.56091113367523,-95.39560336452834,138.69099812431304,145.2204126628755,150.0,0.0,0.0,0.0,0.0,1.0
depth linear,depth_only_linear,cv_oof,20.0,1087,57.07170452159705,57.14648790637226,2.8535852260798524,2.8573243953186127,57.07903427092501,0.0,57.07170452159705,57.14648790637226,58.20153302963192,58.40750587759752,58.975967298842036,0.0,0.0,0.0,1.0,0.0
depth linear,depth_only_linear,cv_oof,30.0,1065,47.09910730651691,47.16595327492881,1.5699702435505638,1.572198442497627,47.108332729915766,0.0,47.09910730651691,47.16595327492881,48.327677625009,48.451711138514966,48.975967298842036,0.0,0.0,0.0,1.0,0.0
depth linear,depth_only_linear,cv_oof,40.0,1022,37.18368338488041,37.267280552661255,0.9295920846220105,0.9316820138165314,37.19629599275309,0.0,37.18368338488041,37.267280552661255,38.35087820412855,38.551251751115394,38.975967298842036,0.0,0.0,0.0,1.0,0.0
depth linear,depth_only_linear,cv_oof,50.0,1064,27.315065684806015,27.365798400372945,0.5463013136961203,0.5473159680074589,27.331740230538124,0.0,27.315065684806015,27.365798400372945,28.514152424294075,28.640333314747878,28.975967298842036,0.0,0.0,0.0,1.0,0.0
depth linear,depth_only_linear,cv_oof,60.0,1118,17.38211806818809,17.43235287844957,0.2897019678031349,0.2905392146408262,17.40435424395681,0.0,17.38211806818809,17.43235287844957,18.451711138514966,18.633480303186985,18.975967298842036,0.0,0.0,1.0,1.0,0.0
depth linear,depth_only_linear,cv_oof,70.0,1065,7.371427538449107,7.420232394945273,0.1053061076921301,0.10600331992778962,7.430180793389632,0.0,7.371427538449107,7.420232394945273,8.51470762204616,8.640333314747878,8.975967298842036,0.007511737089201878,1.0,1.0,1.0,0.0
depth linear,depth_only_linear,cv_oof,80.0,1095,2.7540481452618417,2.6946688529885847,0.034425601815773026,0.03368336066235731,2.9136604076996657,0.0,-2.7540481452618417,-2.6946688529885847,4.035207803152593,4.39233788533624,6.980764829426491,0.9917808219178083,1.0,1.0,0.0,1.0
depth linear,depth_only_linear,cv_oof,90.0,1047,12.904661240134478,12.876586275545804,0.1433851248903831,0.14307318083939782,12.94102343939278,0.0,-12.904661240134478,-12.876586275545804,14.24820789626624,14.555773925343747,15.876838225960299,0.0,0.0,1.0,0.0,1.0
depth linear,depth_only_linear,cv_oof,100.0,1066,22.81272622578765,22.78239237496595,0.22812726225787647,0.2278239237496595,22.833343865333173,0.0,-22.81272622578765,-22.78239237496595,24.119149937268666,24.45902992828502,25.77796181395547,0.0,0.0,0.0,0.0,1.0
depth linear,depth_only_linear,cv_oof,115.0,1139,37.73392385702126,37.68615672542569,0.32812107701757626,0.32770571065587556,37.74269581778845,0.0,-37.73392385702126,-37.68615672542569,38.82224436040361,39.14984913298487,40.58717520543277,0.0,0.0,0.0,0.0,1.0
depth linear,depth_only_linear,cv_oof,125.0,1018,47.7734445541101,47.72870714351804,0.38218755643288077,0.3818296571481443,47.78058309635203,0.0,-47.7734445541101,-47.72870714351804,48.86922492835612,49.214804180955795,50.481304117549286,0.0,0.0,0.0,0.0,1.0
depth linear,depth_only_linear,cv_oof,150.0,1018,72.78747682297603,72.72740378648689,0.48524984548650685,0.4848493585765793,72.79223475988465,0.0,-72.78747682297603,-72.72740378648689,73.8846341096707,74.22995159090387,76.06156974617775,0.0,0.0,0.0,0.0,1.0
depth linear,depth_only_linear,test,20.0,177,57.075083801353635,57.12141232218174,2.853754190067682,2.856070616109087,57.081881843571246,0.0,57.075083801353635,57.12141232218174,58.25267691191015,58.39861142563877,58.586803837168034,0.0,0.0,0.0,1.0,0.0
depth linear,depth_only_linear,test,30.0,193,47.03937250896307,47.08627261078959,1.5679790836321021,1.569542420359653,47.04871264856582,0.0,47.03937250896307,47.08627261078959,48.31567807180563,48.53042417470689,48.586803837168034,0.0,0.0,0.0,1.0,0.0
depth linear,depth_only_linear,test,40.0,186,37.18513008750135,37.27413665148333,0.9296282521875338,0.9318534162870833,37.198084501710966,0.0,37.18513008750135,37.27413665148333,38.466794001822755,38.58680372874357,38.586803837168034,0.0,0.0,0.0,1.0,0.0
depth linear,depth_only_linear,test,50.0,186,27.28240921296189,27.290807619403076,0.5456481842592379,0.5458161523880616,27.301179512562488,0.0,27.28240921296189,27.290807619403076,28.586803837168034,28.586803837168034,28.586803837168034,0.0,0.0,0.0,1.0,0.0
depth linear,depth_only_linear,test,60.0,203,17.267009583041943,17.238968134159265,0.287783493050699,0.28731613556932106,17.289669843614497,0.0,17.267009583041943,17.238968134159265,18.56600984081798,18.586803837168034,18.586803837168034,0.0,0.0,1.0,1.0,0.0
depth linear,depth_only_linear,test,70.0,189,7.237150208459329,7.334952528189177,0.10338786012084757,0.10478503611698825,7.301827907554059,0.0,7.237150208459329,7.334952528189177,8.586803837168034,8.586803837168034,8.586803837168034,0.005291005291005291,1.0,1.0,1.0,0.0
depth linear,depth_only_linear,test,80.0,187,2.7185877530305316,2.6827970323128483,0.03398234691288165,0.0335349629039106,2.9021835743995346,0.0,-2.7185877530305316,-2.6827970323128483,4.210412271606808,4.477382597318663,5.6033022694642085,0.983957219251337,1.0,1.0,0.0,1.0
depth linear,depth_only_linear,test,90.0,190,12.955067206153252,12.834500307447165,0.14394519117948062,0.14260555897163518,12.992646678862156,0.0,-12.955067206153252,-12.834500307447165,14.200747526096965,14.505223822910597,15.599046126570101,0.0,0.0,1.0,0.0,1.0
depth linear,depth_only_linear,test,100.0,188,22.82502765029055,22.825441408465238,0.22825027650290552,0.22825441408465239,22.844654845981573,0.0,-22.82502765029055,-22.825441408465238,24.111567356202087,24.485530065562514,25.378227945873064,0.0,0.0,0.0,0.0,1.0
depth linear,depth_only_linear,test,115.0,187,37.7511025629019,37.74378881547082,0.32827045706871216,0.3282068592649637,37.76061901861889,0.0,-37.7511025629019,-37.74378881547082,38.87449024153567,39.14444623843484,40.36502789688551,0.0,0.0,0.0,0.0,1.0
depth linear,depth_only_linear,test,125.0,185,47.77093519364675,47.72115144513495,0.38216748154917407,0.3817692115610796,47.778329938565555,0.0,-47.77093519364675,-47.72115144513495,48.936745825847574,49.20435343698497,50.15475668848177,0.0,0.0,0.0,0.0,1.0
depth linear,depth_only_linear,test,150.0,189,72.80708461250292,72.81131724377676,0.48538056408335284,0.48540878162517836,72.81164447946739,0.0,-72.80708461250292,-72.81131724377676,73.84254791163966,74.32328245529769,74.70363273176352,0.0,0.0,0.0,0.0,1.0
linear+bb,depth_geometry_metadata_linear,cv_oof,20.0,1087,11.519853394497066,7.109559869859568,0.5759926697248532,0.35547799349297843,33.00217230872121,0.0,-6.144322090236619,-5.51107636637418,23.647433084806202,31.10788783627,961.5538020383776,0.35970561177552896,0.6310947562097516,0.8638454461821528,0.250229990800368,0.749770009199632
linear+bb,depth_geometry_metadata_linear,cv_oof,30.0,1065,8.861721745845388,7.829223800713741,0.2953907248615129,0.26097412669045805,11.01358290178165,0.0,-4.769119985794128,-5.217824108767097,17.379171190483543,20.558470781808865,47.08241875872704,0.3333333333333333,0.6187793427230047,0.939906103286385,0.2995305164319249,0.7004694835680751
linear+bb,depth_geometry_metadata_linear,cv_oof,40.0,1022,12.041167655474807,10.30034202014938,0.3010291913868702,0.25750855050373445,14.914977687690067,0.0,8.037615412057283,8.428453708944566,24.59803096475959,29.19600347283055,44.60812378098714,0.24853228962818003,0.4843444227005871,0.8268101761252447,0.7446183953033269,0.2553816046966732
linear+bb,depth_geometry_metadata_linear,cv_oof,50.0,1064,17.849394458855297,17.655531099183463,0.3569878891771059,0.35311062198366927,20.73191593434009,0.0,15.733097427533847,17.21143566704648,31.431931981181613,35.16089540996515,48.924166073679146,0.1400375939849624,0.27631578947368424,0.5798872180451128,0.8693609022556391,0.13063909774436092
linear+bb,depth_geometry_metadata_linear,cv_oof,60.0,1118,14.584175641836266,14.117326795558867,0.2430695940306044,0.23528877992598113,17.143034051335775,0.0,13.572326626424834,13.992142949215214,26.783052271709177,29.96924993842179,42.54266729918206,0.1815742397137746,0.3550983899821109,0.7066189624329159,0.8998211091234347,0.1001788908765653
linear+bb,depth_geometry_metadata_linear,cv_oof,70.0,1065,11.86838255407789,11.425931212140512,0.1695483222011127,0.16322758874486445,13.909751416725642,0.0,9.568301642080703,10.650543894815002,21.62935669446771,24.554143742099143,36.615919255941094,0.20187793427230047,0.431924882629108,0.8544600938967136,0.8262910798122066,0.17370892018779344
linear+bb,depth_geometry_metadata_linear,cv_oof,80.0,1095,10.81332013052489,10.466930593225115,0.13516650163156113,0.13083663241531393,12.867049275266101,0.0,9.5020338224056,10.193788095599615,20.436237177887577,23.199623246899062,31.557423476722533,0.2493150684931507,0.4767123287671233,0.891324200913242,0.8557077625570776,0.14429223744292238
linear+bb,depth_geometry_metadata_linear,cv_oof,90.0,1047,9.917394349842471,9.094011149483961,0.11019327055380525,0.10104456832759957,11.634888546115816,0.0,8.733551622321254,8.852076815802647,18.22152249976258,20.069876969684124,27.858845999401936,0.24737344794651384,0.542502387774594,0.9484240687679083,0.8701050620821394,0.12989493791786055
linear+bb,depth_geometry_metadata_linear,cv_oof,100.0,1066,7.0065882164859525,6.027272366637412,0.07006588216485951,0.06027272366637412,8.728883382682554,0.0,-0.5081147394900061,-0.3606364964420692,14.679331371015287,16.451276798158965,30.574778231628585,0.4343339587242026,0.7363977485928705,0.9859287054409006,0.4812382739212008,0.5187617260787992
linear+bb,depth_geometry_metadata_linear,cv_oof,115.0,1139,7.412748301019735,6.656664413632427,0.06445868087843248,0.05788403837941241,9.052556607441353,0.0,-6.740347144770943,-6.497109450857522,14.860620342212586,17.213173694737726,25.013489128537188,0.38279192273924495,0.7181738366988587,0.9824407374890255,0.11676909569798069,0.8832309043020193
linear+bb,depth_geometry_metadata_linear,cv_oof,125.0,1018,15.507515826592368,15.67649267558101,0.12406012661273895,0.12541194140464806,16.599860375975783,0.0,-15.447534027072999,-15.67649267558101,22.88695257640443,25.10327401302491,32.88585711027254,0.04518664047151277,0.17583497053045186,0.7779960707269156,0.008840864440078585,0.9911591355599214
linear+bb,depth_geometry_metadata_linear,cv_oof,150.0,1018,33.09918491334273,33.34009475631364,0.2206612327556182,0.22226729837542425,33.46469908520206,0.0,-33.09918491334273,-33.34009475631364,39.3177613259025,41.020059074813766,47.275214265037945,0.0,0.0,0.007858546168958742,0.0,1.0
linear+bb,depth_geometry_metadata_linear,test,20.0,177,9.657706343893038,6.268499417761534,0.48288531719465194,0.3134249708880767,13.995458261526414,0.0,-7.052367611954325,-4.527729894308168,21.26921620516255,31.562790683483893,60.35776667030873,0.4406779661016949,0.6610169491525424,0.8813559322033898,0.24858757062146894,0.751412429378531
linear+bb,depth_geometry_metadata_linear,test,30.0,193,8.699870301955857,7.612713227794536,0.2899956767318619,0.25375710759315123,11.096492604289248,0.0,-5.6972931333049095,-4.417033913642793,17.629769357665655,19.953075872819614,36.211638198347146,0.39378238341968913,0.6113989637305699,0.9481865284974094,0.24352331606217617,0.7564766839378239
linear+bb,depth_geometry_metadata_linear,test,40.0,186,12.305708274721818,10.919892191518745,0.30764270686804546,0.2729973047879686,15.401980415646241,0.0,9.373609254496703,8.216571461603841,26.64417009075042,29.38853545535046,42.59702680129324,0.27419354838709675,0.478494623655914,0.7956989247311828,0.7795698924731183,0.22043010752688172
linear+bb,depth_geometry_metadata_linear,test,50.0,186,18.43693478548418,18.553136299096096,0.3687386957096836,0.3710627259819219,21.077981849333387,0.0,16.52010271616292,18.111216753057292,32.2397897874625,35.738398294381234,46.101846507680946,0.11290322580645161,0.22580645161290322,0.553763440860215,0.8870967741935484,0.11290322580645161
linear+bb,depth_geometry_metadata_linear,test,60.0,203,14.572123031012927,13.691843569880675,0.24286871718354877,0.22819739283134458,16.962608289512247,0.0,13.730506430694623,13.634019451280835,25.62535690308298,29.892341619412544,44.94139793714113,0.12807881773399016,0.3251231527093596,0.7389162561576355,0.9113300492610837,0.08866995073891626
linear+bb,depth_geometry_metadata_linear,test,70.0,189,11.169209775874085,10.126164914885422,0.15956013965534405,0.14465949878407747,13.304110977833373,0.0,9.227645550190012,9.496590471640232,20.456878983895162,24.010262699835376,34.546116836295354,0.2698412698412698,0.4973544973544973,0.8888888888888888,0.8306878306878307,0.1693121693121693
linear+bb,depth_geometry_metadata_linear,test,80.0,187,10.91141303926126,10.131698138015551,0.13639266299076577,0.12664622672519438,12.854410547832412,0.0,9.945293571875176,9.904422942159826,20.60909955372709,22.03942408340316,28.78988575650105,0.22994652406417113,0.49732620320855614,0.8823529411764706,0.8556149732620321,0.1443850267379679
linear+bb,depth_geometry_metadata_linear,test,90.0,190,10.15697993795681,9.48893969584308,0.11285533264396456,0.10543266328714532,12.071197200320688,0.0,8.57994917236868,9.070341586370056,19.74224298641731,21.76772504724976,27.423660555755234,0.23157894736842105,0.5368421052631579,0.9105263157894737,0.8526315789473684,0.14736842105263157
linear+bb,depth_geometry_metadata_linear,test,100.0,188,6.7068986882119335,4.900702335184967,0.06706898688211932,0.04900702335184967,8.64669752738823,0.0,-1.5378575481318921,-1.691771958288939,15.202714948521226,17.659808093419688,24.014512541251023,0.5106382978723404,0.7659574468085106,0.9680851063829787,0.4308510638297872,0.5691489361702128
linear+bb,depth_geometry_metadata_linear,test,115.0,187,7.235705301355745,6.603330742648723,0.06291917653352821,0.057420267327380196,8.881416780275838,0.0,-6.34865495063397,-6.376578280169383,15.077201860405449,16.920024090294692,21.275008911719155,0.39572192513368987,0.7272727272727273,0.9893048128342246,0.16042780748663102,0.839572192513369
linear+bb,depth_geometry_metadata_linear,test,125.0,185,15.131801301976319,15.68598916428246,0.12105441041581055,0.12548791331425968,16.240287838197954,0.0,-15.087733640462565,-15.68598916428246,21.690111436019823,23.78211718245959,31.64733833459043,0.05405405405405406,0.1945945945945946,0.7945945945945946,0.010810810810810811,0.9891891891891892
linear+bb,depth_geometry_metadata_linear,test,150.0,189,33.20688149672764,32.75439548541388,0.22137920997818433,0.21836263656942587,33.544300265161105,0.0,-33.20688149672764,-32.75439548541388,39.13051669409426,41.47282506480037,48.00240441138335,0.0,0.0,0.0,0.0,1.0
improved linear,stacked_rf_depth_geometry_metadata_linear,cv_oof,20.0,1087,11.224865164138446,8.195077477560238,0.5612432582069223,0.4097538738780119,28.71029712742995,0.0,-4.744377177436296,-5.37085566743723,21.531399375373958,28.728201913783092,821.0037950617185,0.32106715731370744,0.5952161913523459,0.8868445262189513,0.27874885004599814,0.7212511499540019
improved linear,stacked_rf_depth_geometry_metadata_linear,cv_oof,30.0,1065,9.882203798810385,8.911425010038158,0.32940679329367945,0.29704750033460525,12.077640894963642,0.0,-5.02011027688175,-6.120025637939303,19.385431787803796,21.94345621754844,56.62320068336112,0.29014084507042254,0.5633802816901409,0.9145539906103286,0.28544600938967135,0.7145539906103286
improved linear,stacked_rf_depth_geometry_metadata_linear,cv_oof,40.0,1022,11.072618507556566,8.893605207156037,0.2768154626889141,0.22234013017890092,14.181559585561649,0.0,5.988786872467682,5.202162225764006,23.927935807850435,28.634158953536804,46.435409168625455,0.30332681017612523,0.5538160469667319,0.8405088062622309,0.6516634050880626,0.34833659491193736
improved linear,stacked_rf_depth_geometry_metadata_linear,cv_oof,50.0,1064,14.978406586810511,14.113619608858478,0.2995681317362103,0.2822723921771696,17.90784489036243,0.0,12.68299609563435,13.453097909382187,29.001655128797378,32.84196524543596,45.11642523263443,0.18233082706766918,0.3609022556390977,0.6992481203007519,0.8289473684210527,0.17105263157894737
improved linear,stacked_rf_depth_geometry_metadata_linear,cv_oof,60.0,1118,13.839686111779708,12.882417135438224,0.2306614351963285,0.21470695225730374,16.455677215988803,0.0,12.25264898742727,12.785692997316772,25.67683763685669,29.626336763119053,47.25104530015413,0.18246869409660108,0.38998211091234347,0.7504472271914132,0.8586762075134168,0.1413237924865832
improved linear,stacked_rf_depth_geometry_metadata_linear,cv_oof,70.0,1065,11.518150978634598,10.763930202819836,0.16454501398049423,0.1537704314688548,13.822350435994348,0.0,9.096399549130316,9.696450216506705,21.85670691334366,25.508700494480316,39.25688432530853,0.24225352112676057,0.4676056338028169,0.8572769953051643,0.8112676056338028,0.18873239436619718
improved linear,stacked_rf_depth_geometry_metadata_linear,cv_oof,80.0,1095,10.516192764039598,9.72048652596537,0.13145240955049498,0.12150608157456713,12.721227986141015,0.0,8.869190167157631,8.987061285841307,20.491099942768223,23.535043573585284,35.45746731134106,0.273972602739726,0.5150684931506849,0.8894977168949771,0.8383561643835616,0.16164383561643836
improved linear,stacked_rf_depth_geometry_metadata_linear,cv_oof,90.0,1047,9.683632217901284,9.030097647978153,0.10759591353223649,0.10033441831086837,11.484787706898326,0.0,8.417195045088068,8.786290560605991,18.0943547534914,20.813761952170264,29.940216658175785,0.26552053486150906,0.5606494746895893,0.9369627507163324,0.8557784145176696,0.14422158548233047
improved linear,stacked_rf_depth_geometry_metadata_linear,cv_oof,100.0,1066,7.7175490782340095,6.211290898885132,0.07717549078234008,0.062112908988851315,9.700936103202773,0.0,0.17901193718881048,0.5584905515378011,16.186975661974436,18.743652250334137,33.558498303272444,0.4024390243902439,0.6885553470919324,0.9643527204502814,0.5159474671669794,0.48405253283302063
improved linear,stacked_rf_depth_geometry_metadata_linear,cv_oof,115.0,1139,7.160518192776147,5.869720025706215,0.0622653755893578,0.05104104370179317,9.142520561675191,0.0,-5.440832264336,-4.889596063307181,14.998103319449449,18.430669753760228,30.940661295921885,0.44688323090430204,0.7313432835820896,0.9640035118525022,0.23880597014925373,0.7611940298507462
improved linear,stacked_rf_depth_geometry_metadata_linear,cv_oof,125.0,1018,13.765739967028571,13.755354325666033,0.11012591973622857,0.11004283460532827,15.336193918223836,0.0,-13.589443522557001,-13.722667556956566,22.183761094231418,25.554040501190233,39.24555992979346,0.09823182711198428,0.3005893909626719,0.8300589390962672,0.026522593320235755,0.9734774066797642
improved linear,stacked_rf_depth_geometry_metadata_linear,cv_oof,150.0,1018,30.519714626587813,30.300274363787253,0.20346476417725207,0.202001829091915,31.169249432206772,0.0,-30.519714626587813,-30.300274363787253,38.346018275204614,40.670397922344776,57.18744080167711,0.0,0.0,0.04616895874263261,0.0,1.0
improved linear,stacked_rf_depth_geometry_metadata_linear,test,20.0,177,10.00222480367498,7.416057746357968,0.5001112401837491,0.3708028873178984,13.323205110700618,0.0,-5.980731621530183,-5.364010495247658,19.93944995498986,28.690286577085526,49.63711019902246,0.327683615819209,0.6497175141242938,0.8983050847457628,0.2655367231638418,0.7344632768361582
improved linear,stacked_rf_depth_geometry_metadata_linear,test,30.0,193,9.806035944206203,8.361631319674729,0.32686786480687335,0.2787210439891576,11.9775915358936,0.0,-6.052914963282042,-6.5970793629648945,19.278503257871755,21.457757523146494,32.41301907489275,0.29015544041450775,0.5751295336787565,0.927461139896373,0.23834196891191708,0.7616580310880829
improved linear,stacked_rf_depth_geometry_metadata_linear,test,40.0,186,11.254901734152366,9.774370637289497,0.2813725433538091,0.24435926593223742,14.131817269553933,0.0,6.306159365234908,6.237335944798467,22.5089757035952,26.95478795582861,50.61785602229908,0.26881720430107525,0.510752688172043,0.8279569892473119,0.6989247311827957,0.3010752688172043
improved linear,stacked_rf_depth_geometry_metadata_linear,test,50.0,186,15.551913098811395,14.897593636680572,0.3110382619762279,0.29795187273361146,18.370164818765684,0.0,13.307695567931185,14.034756591168733,28.71484476371475,31.18018253908019,38.8169990045493,0.20430107526881722,0.3387096774193548,0.6666666666666666,0.8548387096774194,0.14516129032258066
improved linear,stacked_rf_depth_geometry_metadata_linear,test,60.0,203,13.400305208947218,12.692182430041143,0.22333842014912034,0.21153637383401905,15.856869104860527,0.0,12.12708065841002,12.692182430041143,25.429088358043963,27.838762992207844,39.27698931864401,0.1921182266009852,0.4039408866995074,0.7389162561576355,0.8768472906403941,0.12315270935960591
improved linear,stacked_rf_depth_geometry_metadata_linear,test,70.0,189,10.246667411943918,9.647896310215515,0.14638096302777023,0.13782709014593592,12.401080735737862,0.0,8.466840040272462,8.74326347470516,19.736104227387365,22.11761497937307,28.708987800812878,0.31216931216931215,0.5343915343915344,0.9047619047619048,0.798941798941799,0.20105820105820105
improved linear,stacked_rf_depth_geometry_metadata_linear,test,80.0,187,10.78394879801083,9.96195840399156,0.13479935997513534,0.1245244800498945,12.906147357078803,0.0,9.414990526792439,9.309233066331942,20.651696395755714,24.6026381000133,32.63063471712823,0.24064171122994651,0.5026737967914439,0.8770053475935828,0.8502673796791443,0.1497326203208556
improved linear,stacked_rf_depth_geometry_metadata_linear,test,90.0,190,10.098381174123197,9.323526727996764,0.11220423526803551,0.10359474142218628,12.078686864471138,0.0,8.842347705247333,9.008114969536472,18.99929112459295,22.27546672806838,31.862015588971147,0.24210526315789474,0.5526315789473685,0.9210526315789473,0.868421052631579,0.13157894736842105
improved linear,stacked_rf_depth_geometry_metadata_linear,test,100.0,188,6.9202297706610665,5.568484070256616,0.06920229770661067,0.05568484070256616,9.093962840442297,0.0,-0.9486778643511865,0.22493580920841083,14.43108931838068,20.407181953422278,27.902892145990705,0.44680851063829785,0.7606382978723404,0.9468085106382979,0.5159574468085106,0.48404255319148937
improved linear,stacked_rf_depth_geometry_metadata_linear,test,115.0,187,7.5913352573466,6.397786836391447,0.06601161093344868,0.055632929012099534,9.52644730165213,0.0,-5.405537115456279,-5.6776931523230445,15.547254780763895,18.864989118635975,26.901254387024494,0.39037433155080214,0.7112299465240641,0.9625668449197861,0.26737967914438504,0.732620320855615
improved linear,stacked_rf_depth_geometry_metadata_linear,test,125.0,185,13.537873926959907,13.586769019722752,0.10830299141567928,0.10869415215778201,14.826149278838699,0.0,-13.24493142694598,-13.586769019722752,20.977771584604593,23.978837741330246,31.1923453272546,0.10810810810810811,0.2702702702702703,0.8594594594594595,0.03783783783783784,0.9621621621621622
improved linear,stacked_rf_depth_geometry_metadata_linear,test,150.0,189,30.098331280936836,29.48543754213719,0.20065554187291226,0.19656958361424795,30.703104282495623,0.0,-30.098331280936836,-29.48543754213719,37.923218125464984,40.86173439006164,47.034636429246675,0.0,0.0,0.042328042328042326,0.0,1.0
RF,raw_depth_geometry_metadata_rf,cv_oof,20.0,1087,1.1240644696505084,0.24777777777777743,0.05620322348252541,0.012388888888888871,2.440443082952477,0.0,1.1240644696505084,0.24777777777777743,3.2958888888888827,6.386835978835996,19.703333333333326,0.9328426862925483,0.9954001839926403,1.0,0.8555657773689053,0.0
RF,raw_depth_geometry_metadata_rf,cv_oof,30.0,1065,2.1086735231029587,1.1045238095238155,0.0702891174367653,0.03681746031746051,3.226581965500451,0.0,0.26272522276277627,-0.08333333333333215,5.700523809523808,7.087666666666669,15.45367724867726,0.8610328638497653,0.9896713615023475,1.0,0.4253521126760563,0.5708920187793427
RF,raw_depth_geometry_metadata_rf,cv_oof,40.0,1022,3.9592478245752396,2.6408591871091858,0.098981195614381,0.06602147967772964,5.782095331325427,0.0,2.1482147510736818,1.102142857142855,9.059845238095233,12.612440873015862,27.694708994709018,0.7211350293542075,0.923679060665362,0.9911937377690803,0.6575342465753424,0.3424657534246575
RF,raw_depth_geometry_metadata_rf,cv_oof,50.0,1064,6.5016591761188565,4.996276455026447,0.13003318352237714,0.09992552910052893,8.703897996144104,0.0,4.171182590469866,3.418895502645505,13.516642736892704,17.89003895154553,42.53648818773817,0.5009398496240601,0.799812030075188,0.9614661654135338,0.6964285714285714,0.30357142857142855
RF,raw_depth_geometry_metadata_rf,cv_oof,60.0,1118,6.089900062968347,4.541408730158739,0.1014983343828058,0.07569014550264566,8.378725201604553,0.0,2.5194414409506156,1.3679792549147436,12.712009499759494,15.584291074909515,51.68331412680551,0.535778175313059,0.8237924865831843,0.9704830053667263,0.5706618962432916,0.4293381037567084
RF,raw_depth_geometry_metadata_rf,cv_oof,70.0,1065,6.3116850522170225,5.323134920634928,0.09016692931738603,0.07604478458049897,8.099433442194247,0.0,-0.9878882570228186,-1.8023544973544716,12.66067460317459,15.472923248291668,43.88132114474216,0.46572769953051646,0.8131455399061033,0.984037558685446,0.4103286384976526,0.5896713615023474
RF,raw_depth_geometry_metadata_rf,cv_oof,80.0,1095,8.76215815042508,7.736388888888882,0.10952697688031349,0.09670486111111103,10.745786092877426,0.0,1.458800066174112,-0.6310978835979029,16.611439153439154,20.183375763125806,44.116123737373755,0.30228310502283107,0.6648401826484018,0.947945205479452,0.491324200913242,0.508675799086758
RF,raw_depth_geometry_metadata_rf,cv_oof,90.0,1047,9.155169333239,6.819752886002874,0.10172410370265554,0.0757750320666986,12.332760726156621,0.0,5.558707392913365,4.3122426647426835,20.16017407429171,25.3042291689792,57.58906084656081,0.3973256924546323,0.6351480420248329,0.8958930276981852,0.6972301814708691,0.3027698185291309
RF,raw_depth_geometry_metadata_rf,cv_oof,100.0,1066,10.368115721058393,9.398428330928333,0.10368115721058395,0.09398428330928332,12.785472990411847,0.0,-0.7403835775708133,-2.1893813593813434,19.665806032203086,24.14674957027327,47.245992063492054,0.2570356472795497,0.5347091932457786,0.9071294559099438,0.4371482176360225,0.5628517823639775
RF,raw_depth_geometry_metadata_rf,cv_oof,115.0,1139,9.052788503363729,7.31689574314575,0.0787199000292498,0.06362518037518043,11.64716660620439,0.0,1.8240982346233203,1.4642857142857224,19.976737484737505,23.17851984126984,31.650456349206365,0.3968393327480246,0.6347673397717296,0.8999122036874452,0.57243195785777,0.42756804214223004
RF,raw_depth_geometry_metadata_rf,cv_oof,125.0,1018,10.778292828728858,9.979058441558408,0.08622634262983085,0.07983246753246726,12.543242546682288,0.0,-5.411323790723547,-7.288608455459496,19.640081349206344,21.782175069143833,38.04523488856826,0.1925343811394892,0.5019646365422397,0.9135559921414538,0.2907662082514735,0.7092337917485265
RF,raw_depth_geometry_metadata_rf,cv_oof,150.0,1018,13.241213584247523,11.341475256769414,0.08827475722831683,0.07560983504512941,15.620619379694725,0.0,-13.241213584247523,-11.341475256769414,25.665925287675254,29.101123457645258,42.003698292448306,0.15324165029469547,0.43909626719056977,0.7701375245579568,0.0,1.0
RF,raw_depth_geometry_metadata_rf,test,20.0,177,1.0321403554595645,0.1622222222222227,0.05160701777297822,0.008111111111111135,2.2840444407869582,0.0,1.0321403554595645,0.1622222222222227,3.1109047619047576,5.041015873015871,11.172301587301583,0.943502824858757,0.9830508474576272,1.0,0.7740112994350282,0.0
RF,raw_depth_geometry_metadata_rf,test,30.0,193,2.118643584852874,1.2317063492063554,0.07062145282842913,0.041056878306878514,3.27971413172171,0.0,-0.3507393608726506,-0.1038888888888927,5.90529100529101,7.185412698412698,15.16677248677248,0.8601036269430051,0.9896373056994818,1.0,0.42487046632124353,0.5647668393782384
RF,raw_depth_geometry_metadata_rf,test,40.0,186,4.017084378169504,2.9195899470899427,0.1004271094542376,0.07298974867724857,5.8024971913526695,0.0,2.367770171564454,1.8760714285714286,9.102037037037032,11.849990079365078,22.385719095719104,0.7150537634408602,0.9139784946236559,0.9838709677419355,0.6935483870967742,0.3064516129032258
RF,raw_depth_geometry_metadata_rf,test,50.0,186,6.004287071103713,4.713547696856523,0.12008574142207427,0.09427095393713045,7.89659481130078,0.0,3.6187204298762805,2.7425887021475184,12.634146825396812,16.311865079365056,28.045839593413135,0.5268817204301075,0.8225806451612904,0.9731182795698925,0.6881720430107527,0.3118279569892473
RF,raw_depth_geometry_metadata_rf,test,60.0,203,5.637711091435457,4.287632275132253,0.09396185152392426,0.07146053791887089,7.691862521071149,0.0,2.442259548621745,1.3737698412698194,11.887513024013032,14.68960810485809,31.494749355582684,0.5369458128078818,0.8374384236453202,0.9852216748768473,0.6059113300492611,0.39408866995073893
RF,raw_depth_geometry_metadata_rf,test,70.0,189,6.3409532995021936,5.5738359788360015,0.09058504713574562,0.07962622826908573,8.1237985337541,0.0,-1.5669829782702498,-2.5827116402116133,12.195312409812427,14.646722509278383,31.682971073044556,0.4708994708994709,0.8201058201058201,0.9788359788359788,0.37037037037037035,0.6296296296296297
RF,raw_depth_geometry_metadata_rf,test,80.0,187,8.45789422332643,7.097191876750699,0.10572367779158039,0.08871489845938374,10.467872166172556,0.0,1.4262829755363249,-1.1101653901653776,15.963849047088182,19.24291269841268,47.198047138047116,0.3155080213903743,0.6737967914438503,0.9625668449197861,0.47058823529411764,0.5294117647058824
RF,raw_depth_geometry_metadata_rf,test,90.0,190,8.808170118084753,6.259502995642691,0.09786855686760837,0.0695500332849188,12.888788495004555,0.0,5.413452780401326,3.4001683501683218,19.573859605672094,23.336250277500262,54.91861111111112,0.4368421052631579,0.6842105263157895,0.9105263157894737,0.6631578947368421,0.3368421052631579
RF,raw_depth_geometry_metadata_rf,test,100.0,188,10.59444118641472,9.216715197041268,0.1059444118641472,0.09216715197041267,13.00052100770346,0.0,-2.2760996730436416,-5.04712056462057,19.57319507800392,24.60057894420395,44.20025997150992,0.22872340425531915,0.5531914893617021,0.9095744680851063,0.3404255319148936,0.6595744680851063
RF,raw_depth_geometry_metadata_rf,test,115.0,187,10.621563617643476,8.458732563732525,0.09236142276211719,0.07355419620636978,13.627664118732044,0.0,3.4940874153100787,2.8824398749398625,23.67440476190479,26.839818542568548,31.465013227513253,0.34759358288770054,0.5721925133689839,0.7967914438502673,0.6042780748663101,0.39572192513368987
RF,raw_depth_geometry_metadata_rf,test,125.0,185,9.710288415395507,9.233685974143256,0.07768230732316404,0.07386948779314605,11.324522300927816,0.0,-3.816488988432565,-6.3587114737114945,17.311208994708974,21.652307720057728,29.814711718020575,0.22162162162162163,0.5621621621621622,0.9351351351351351,0.31891891891891894,0.6810810810810811
RF,raw_depth_geometry_metadata_rf,test,150.0,189,12.794284328173788,10.88598147223152,0.08529522885449194,0.0725732098148768,15.211968907473,0.0,-12.794284328173788,-10.88598147223152,24.850846153846167,28.297129620845652,38.083107563732554,0.20634920634920634,0.4603174603174603,0.7883597883597884,0.0,1.0
RF+jitter,rf_winner_baseline,cv_oof,20.0,1087,1.0835935325643091,0.198888888888888,0.054179676628215455,0.0099444444444444,2.4653945952436107,0.0,1.0835935325643091,0.198888888888888,3.286455988455988,6.594534391534393,21.372801827801837,0.9300827966881324,0.9944802207911684,0.9990800367985281,0.7865685372585096,0.0
RF+jitter,rf_winner_baseline,cv_oof,30.0,1065,2.081992300017596,1.1225925925925964,0.06939974333391986,0.03741975308641988,3.0986641158710078,0.0,0.10880203644993851,-0.120000000000001,5.6215714285714276,7.06016714766715,11.429603174603166,0.8666666666666667,0.9990610328638497,1.0,0.4169014084507042,0.5793427230046948
RF+jitter,rf_winner_baseline,cv_oof,40.0,1022,3.2497837018767615,1.8513095238095296,0.08124459254691903,0.04628273809523824,5.269991341225675,0.0,1.1209696746098043,0.16342670401493464,7.841114091222777,10.66429490165632,36.67255291005294,0.7974559686888454,0.9422700587084148,0.9892367906066536,0.5518590998043053,0.4481409001956947
RF+jitter,rf_winner_baseline,cv_oof,50.0,1064,5.9778309484895376,4.264418898095375,0.11955661896979074,0.0852883779619075,8.305286130402202,0.0,4.465192787670271,3.3800158175158117,12.852514670514674,17.712917933917872,41.15490425753582,0.556390977443609,0.8261278195488722,0.9614661654135338,0.743421052631579,0.2565789473684211
RF+jitter,rf_winner_baseline,cv_oof,60.0,1118,5.51636792688707,4.031345762264859,0.09193946544811783,0.06718909603774764,7.937883760106955,0.0,2.901519325510925,1.8067073934836948,12.36290044423383,15.863335425685401,53.17335955710955,0.5805008944543828,0.8479427549194991,0.9731663685152058,0.6574239713774598,0.3425760286225403
RF+jitter,rf_winner_baseline,cv_oof,70.0,1065,5.944252919016426,4.792250101054634,0.08491789884309182,0.06846071572935192,7.704840960723733,0.0,-1.0998376406541104,-1.889880952380949,12.075196248196246,15.154661112766394,46.897649433899446,0.5183098591549296,0.8309859154929577,0.9859154929577465,0.39530516431924884,0.6046948356807512
RF+jitter,rf_winner_baseline,cv_oof,80.0,1095,7.752547366542759,7.257449494949498,0.09690684208178449,0.09071811868686872,9.410956800322305,0.0,0.5672548022887287,-0.5327020202019952,14.457582656370715,16.454298248048236,42.554253246753234,0.3506849315068493,0.7004566210045662,0.9780821917808219,0.4849315068493151,0.5150684931506849
RF+jitter,rf_winner_baseline,cv_oof,90.0,1047,7.426468085338586,4.763413429057252,0.08251631205931763,0.052926815878413906,10.803408880596443,0.0,3.1490901787825787,1.8390971731322736,17.130738055824988,23.49470752754798,57.0477031573499,0.5128939828080229,0.7545367717287488,0.9226361031518625,0.5978987583572111,0.40210124164278893
RF+jitter,rf_winner_baseline,cv_oof,100.0,1066,9.132666107448706,8.026655041091054,0.09132666107448704,0.08026655041091055,11.34248430414862,0.0,-1.9214853326610895,-4.3189410822808725,17.236473886737024,21.509778254153254,46.255933864511974,0.300187617260788,0.6303939962476548,0.9380863039399625,0.33677298311444653,0.6632270168855535
RF+jitter,rf_winner_baseline,cv_oof,115.0,1139,7.299866718085773,5.076504866965408,0.06347710189639803,0.044143520582307895,9.765824938378671,0.0,3.8326726060548815,3.2468691493691324,17.712830868205835,20.82966212491209,33.013998763847326,0.4942932396839333,0.7392449517120281,0.9402985074626866,0.7067603160667252,0.2932396839332748
RF+jitter,rf_winner_baseline,cv_oof,125.0,1018,9.380368201403435,8.349776450401464,0.0750429456112275,0.06679821160321171,11.20994314432314,0.0,-3.542346768714161,-5.441731000481006,18.73257485107487,21.31288774070918,35.78385882635884,0.27013752455795675,0.6247544204322201,0.9263261296660118,0.3192534381139489,0.6807465618860511
RF+jitter,rf_winner_baseline,cv_oof,150.0,1018,11.905484481086747,10.108099260353384,0.07936989654057833,0.0673873284023559,14.601208921854566,0.0,-11.905484481086747,-10.108099260353384,24.457335383524544,27.77322197478447,38.359477004476986,0.2583497053045187,0.4931237721021611,0.7986247544204322,0.0,1.0
RF+jitter,rf_winner_baseline,test,20.0,177,1.0263471910752986,0.125,0.05131735955376492,0.00625,2.3215921652134233,0.0,1.0263471910752986,0.125,3.147830687830685,5.617595238095233,11.493730158730159,0.943502824858757,0.9887005649717514,1.0,0.7457627118644068,0.0
RF+jitter,rf_winner_baseline,test,30.0,193,2.0540773745244567,1.0342063492063502,0.06846924581748189,0.03447354497354501,3.1227543434381175,0.0,-0.4909512313335455,-0.15246031746031719,5.558947330447333,7.1326666666666645,10.601349206349212,0.8652849740932642,0.9948186528497409,1.0,0.38860103626943004,0.6113989637305699
RF+jitter,rf_winner_baseline,test,40.0,186,3.1826215564366085,1.7353703703703687,0.07956553891091522,0.04338425925925922,5.277045481813604,0.0,1.1087765672959213,0.20843975468974563,7.9554726091139045,10.894050625300622,26.546574074074073,0.8225806451612904,0.9354838709677419,0.989247311827957,0.5698924731182796,0.43010752688172044
RF+jitter,rf_winner_baseline,test,50.0,186,5.496851162001704,3.936623075998085,0.10993702324003406,0.0787324615199617,7.471489629558791,0.0,3.5839793197126317,2.4761210548710437,11.706712962962957,15.918352513227521,29.91102536352534,0.5806451612903226,0.8548387096774194,0.978494623655914,0.6827956989247311,0.3172043010752688
RF+jitter,rf_winner_baseline,test,60.0,203,5.228360554071929,3.789935064935051,0.08713934256786547,0.06316558441558419,7.377252876847125,0.0,2.8175353741620097,2.023214285714296,11.60256072631072,14.634445547371973,31.373273480332358,0.6157635467980296,0.8423645320197044,0.9852216748768473,0.7142857142857143,0.2857142857142857
RF+jitter,rf_winner_baseline,test,70.0,189,5.867037785860033,5.100575396825377,0.08381482551228617,0.0728653628117911,7.45466430132592,0.0,-1.6391099782635121,-2.6357991353723094,11.173470756776606,14.117054633017466,28.273194444444457,0.48677248677248675,0.8571428571428571,0.9788359788359788,0.3544973544973545,0.6455026455026455
RF+jitter,rf_winner_baseline,test,80.0,187,7.841536028318961,7.316705774097073,0.09801920035398702,0.09145882217621341,9.636464253517467,0.0,0.6940772446506641,-0.34878306878306375,14.009818077721054,16.19298448773451,48.66864985168013,0.33689839572192515,0.7058823529411765,0.983957219251337,0.48663101604278075,0.5133689839572193
RF+jitter,rf_winner_baseline,test,90.0,190,7.19296081479797,4.0738719205631,0.07992178683108857,0.04526524356181222,11.710203775579608,0.0,3.0093064293247775,1.200444011737602,15.992256802127988,21.187533524843438,56.267529601857774,0.5578947368421052,0.7789473684210526,0.9421052631578948,0.5842105263157895,0.41578947368421054
RF+jitter,rf_winner_baseline,test,100.0,188,9.69592672098327,8.272851620496297,0.09695926720983272,0.08272851620496297,11.915658845627718,0.0,-3.1321407281975975,-5.677883099401392,18.49931012775197,20.868106881732626,47.19523236023238,0.25,0.6117021276595744,0.925531914893617,0.2872340425531915,0.7127659574468085
RF+jitter,rf_winner_baseline,test,115.0,187,8.784467659102686,5.664390131692372,0.07638667529654511,0.049255566362542365,11.740153847051241,0.0,4.609989175929477,4.216388784146162,21.43262256746366,24.661398258107866,32.20489949830281,0.41711229946524064,0.6684491978609626,0.8716577540106952,0.7058823529411765,0.29411764705882354
RF+jitter,rf_winner_baseline,test,125.0,185,8.467570116635665,7.364770818533259,0.06774056093308531,0.05891816654826607,10.249256745544875,0.0,-2.1431296861809654,-4.2524023284220505,16.232205732744664,20.77484595959597,26.492000835421877,0.3027027027027027,0.654054054054054,0.9297297297297298,0.3567567567567568,0.6432432432432432
RF+jitter,rf_winner_baseline,test,150.0,189,11.67668870560158,10.073519685652002,0.07784459137067719,0.06715679790434669,14.286449028498486,0.0,-11.67668870560158,-10.073519685652002,23.675789307684575,26.852637642987048,35.51082341269847,0.2751322751322751,0.4973544973544973,0.8148148148148148,0.0,1.0
XGBoost+jitter,xgb_winner_baseline,cv_oof,20.0,1087,1.349161349860703,0.7652797698974609,0.06745806749303515,0.038263988494873044,2.268418086681009,0.0,0.9655040365463018,0.4865436553955078,3.2213359832763673,5.448404884338379,17.8424072265625,0.937442502299908,0.9972401103955841,1.0,0.6844526218951242,0.3155473781048758
XGBoost+jitter,xgb_winner_baseline,cv_oof,30.0,1065,2.1023054006513857,1.5799179077148438,0.07007684668837952,0.052663930257161456,2.7869293333071585,0.0,-0.04024892636867756,-0.33819580078125,4.773135375976563,5.9371192932128904,10.257038116455078,0.9136150234741784,0.9990610328638497,1.0,0.4309859154929577,0.5690140845070423
XGBoost+jitter,xgb_winner_baseline,cv_oof,40.0,1022,3.2570511021026194,2.1733970642089844,0.08142627755256548,0.05433492660522461,4.851758829138611,0.0,0.8583624143656453,0.06010627746582031,7.080535888671873,10.263465499877919,29.85442352294922,0.8023483365949119,0.9481409001956947,0.9921722113502935,0.5058708414872799,0.49412915851272016
XGBoost+jitter,xgb_winner_baseline,cv_oof,50.0,1064,5.327705236305868,3.7152023315429688,0.10655410472611736,0.07430404663085938,7.519699660200213,0.0,3.5065855119461404,2.5590038299560547,12.019610595703126,16.321895980834945,35.67182922363281,0.6212406015037594,0.8665413533834586,0.9727443609022557,0.6851503759398496,0.3148496240601504
XGBoost+jitter,xgb_winner_baseline,cv_oof,60.0,1118,5.356929506086919,3.743062973022461,0.08928215843478199,0.062384382883707686,7.614305956586231,0.0,2.439263372813653,1.3419666290283203,11.668002319335939,15.329565238952636,55.907188415527344,0.5992844364937389,0.8586762075134168,0.9767441860465116,0.6001788908765653,0.3998211091234347
XGBoost+jitter,xgb_winner_baseline,cv_oof,70.0,1065,5.594798253735466,4.815452575683594,0.0799256893390781,0.06879217965262277,7.111970553349432,0.0,-1.4109768110821506,-2.476531982421875,10.86023635864258,13.956457519531249,39.396759033203125,0.5211267605633803,0.8591549295774648,0.9924882629107982,0.3511737089201878,0.6488262910798122
XGBoost+jitter,xgb_winner_baseline,cv_oof,80.0,1095,7.4200717281533155,6.7350616455078125,0.09275089660191645,0.08418827056884766,9.062403178144596,0.0,0.6664667312413046,0.26517486572265625,14.040061950683594,16.74641952514648,34.49800109863281,0.3643835616438356,0.7232876712328767,0.9762557077625571,0.5114155251141552,0.4885844748858447
XGBoost+jitter,xgb_winner_baseline,cv_oof,90.0,1047,7.063940009961497,5.0587005615234375,0.07848822233290553,0.05620778401692708,10.142178983670533,0.0,3.0825543189572513,1.5774383544921875,16.044319152832028,22.288380432128893,57.72967529296875,0.49474689589302767,0.7831900668576887,0.9379178605539638,0.5969436485195797,0.40305635148042024
XGBoost+jitter,xgb_winner_baseline,cv_oof,100.0,1066,7.692870807468779,6.599861145019531,0.07692870807468778,0.06599861145019531,9.585606382044714,0.0,-2.2397655751870675,-3.8706741333007812,15.062213897705078,18.033138275146484,37.16450500488281,0.36866791744840527,0.7148217636022514,0.9690431519699813,0.31894934333958724,0.6810506566604128
XGBoost+jitter,xgb_winner_baseline,cv_oof,115.0,1139,7.35610076395224,5.508941650390625,0.06396609359958469,0.04790384043817935,9.716693990104615,0.0,4.255339598216123,3.7527084350585938,16.48770446777344,19.991506958007804,41.461151123046875,0.4556628621597893,0.7313432835820896,0.9499561018437226,0.6830553116769096,0.3169446883230904
XGBoost+jitter,xgb_winner_baseline,cv_oof,125.0,1018,8.84516053115455,7.920635223388672,0.0707612842492364,0.06336508178710937,10.599838748105682,0.0,-2.421745427699361,-4.5358734130859375,17.27143020629883,20.115281295776363,29.338516235351562,0.28388998035363455,0.6355599214145383,0.9479371316306483,0.3428290766208251,0.6571709233791748
XGBoost+jitter,xgb_winner_baseline,cv_oof,150.0,1018,10.71113339107491,9.189605712890625,0.0714075559404994,0.0612640380859375,13.38491184020032,0.0,-10.260955915469786,-9.189605712890625,22.633088684082036,26.291414260864258,39.98882293701172,0.3045186640471513,0.5353634577603144,0.8614931237721022,0.10510805500982318,0.8948919449901768
XGBoost+jitter,xgb_winner_baseline,test,20.0,177,1.300757564393814,0.6200923919677734,0.0650378782196907,0.031004619598388673,2.2427837359050153,0.0,0.9090789105259093,0.2991962432861328,3.87508544921875,5.200167846679685,10.968978881835938,0.943502824858757,0.9887005649717514,1.0,0.6497175141242938,0.3502824858757062
XGBoost+jitter,xgb_winner_baseline,test,30.0,193,2.143557039567226,1.6481552124023438,0.07145190131890752,0.05493850708007812,2.82089707570935,0.0,-0.5375130806562196,-0.6719131469726562,4.83684768676758,5.545857620239257,8.85845947265625,0.9015544041450777,1.0,1.0,0.37305699481865284,0.6269430051813472
XGBoost+jitter,xgb_winner_baseline,test,40.0,186,3.3275520263179654,2.0365867614746094,0.08318880065794915,0.05091466903686523,5.087339621508747,0.0,0.6357372140371671,-0.16420555114746094,7.732517242431641,10.001867294311523,22.397869110107422,0.7956989247311828,0.946236559139785,0.989247311827957,0.478494623655914,0.521505376344086
XGBoost+jitter,xgb_winner_baseline,test,50.0,186,5.081771009711809,3.4875564575195312,0.10163542019423619,0.06975112915039063,6.986698143657785,0.0,2.787693085209016,1.6963768005371094,11.566225051879883,15.149496078491211,24.932777404785156,0.6344086021505376,0.8655913978494624,0.978494623655914,0.6451612903225806,0.3548387096774194
XGBoost+jitter,xgb_winner_baseline,test,60.0,203,5.055640760900939,3.6810264587402344,0.08426067934834898,0.061350440979003905,7.055087122682754,0.0,2.573677288487627,2.7179489135742188,10.484387207031258,13.928922271728515,36.903663635253906,0.6157635467980296,0.896551724137931,0.9802955665024631,0.6748768472906403,0.3251231527093596
XGBoost+jitter,xgb_winner_baseline,test,70.0,189,5.503036660492105,4.5626983642578125,0.0786148094356015,0.06518140520368304,6.983722812575015,0.0,-1.692725691215071,-2.7086868286132812,10.85910873413086,13.23720245361328,25.621978759765625,0.5238095238095238,0.8624338624338624,0.9841269841269841,0.328042328042328,0.671957671957672
XGBoost+jitter,xgb_winner_baseline,test,80.0,187,7.18776523365694,6.743385314941406,0.08984706542071175,0.08429231643676757,8.948943114887024,0.0,-0.05283094599922711,-1.5475921630859375,13.823426818847656,15.44152450561523,38.95441436767578,0.40641711229946526,0.732620320855615,0.983957219251337,0.4385026737967914,0.5614973262032086
XGBoost+jitter,xgb_winner_baseline,test,90.0,190,6.815959267867239,4.457542419433594,0.07573288075408044,0.049528249104817706,10.961364937656917,0.0,2.9789515244333367,0.795013427734375,13.95298614501953,19.915464401245117,56.88166809082031,0.5421052631578948,0.8263157894736842,0.9526315789473684,0.5368421052631579,0.4631578947368421
XGBoost+jitter,xgb_winner_baseline,test,100.0,188,8.289324861891727,7.325004577636719,0.08289324861891727,0.07325004577636719,10.360598267804408,0.0,-2.7438593519494887,-4.681243896484375,15.742411804199223,19.170771408081055,47.13490295410156,0.3351063829787234,0.7074468085106383,0.9574468085106383,0.2925531914893617,0.7074468085106383
XGBoost+jitter,xgb_winner_baseline,test,115.0,187,8.221899879169975,5.837532043457031,0.07149478155799976,0.050761148203974184,11.07485895932679,0.0,5.093975413929332,4.024116516113281,19.04516296386719,24.142245483398437,32.46025085449219,0.44385026737967914,0.6951871657754011,0.9090909090909091,0.6898395721925134,0.31016042780748665
XGBoost+jitter,xgb_winner_baseline,test,125.0,185,8.767632273081187,8.5628662109375,0.0701410581846495,0.0685029296875,10.40765529908953,0.0,-1.5550046766126477,-2.97955322265625,16.8969970703125,19.053489685058594,26.892196655273438,0.2810810810810811,0.6216216216216216,0.9675675675675676,0.4,0.6
XGBoost+jitter,xgb_winner_baseline,test,150.0,189,10.488052933304399,8.3902587890625,0.069920352888696,0.05593505859375,13.045625513475409,0.0,-10.00530214662905,-8.081100463867188,21.942747497558603,24.608157348632812,30.95105743408203,0.32275132275132273,0.5555555555555556,0.8465608465608465,0.09523809523809523,0.9047619047619048
ensemble,tuned_weight_blend,cv_oof,20.0,1087,1.283948411269599,0.6487636184692391,0.06419742056347993,0.03243818092346196,2.2683211751823555,0.0,0.9855792508693626,0.45258428700764597,3.194055924537295,5.56991994188069,18.44257430877319,0.937442502299908,0.9972401103955841,1.0,0.7056117755289788,0.29438822447102114
ensemble,tuned_weight_blend,cv_oof,30.0,1065,2.0563059136154407,1.4480542394486662,0.06854353045384803,0.04826847464828887,2.7778469713352005,0.0,-0.014910262689513685,-0.3109533481174047,4.898120183783637,6.088040209066395,9.844677747768827,0.907981220657277,1.0,1.0,0.4394366197183099,0.5605633802816902
ensemble,tuned_weight_blend,cv_oof,40.0,1022,3.177104085262278,2.0042142606382,0.07942760213155697,0.050105356515955005,4.831908126818824,0.0,0.9030056486071513,0.0743254256728747,7.026217424602378,10.239670531109999,31.01350551875686,0.8052837573385518,0.9481409001956947,0.9921722113502935,0.5097847358121331,0.49021526418786693
ensemble,tuned_weight_blend,cv_oof,50.0,1064,5.3515005057878815,3.743719880470394,0.10703001011575763,0.07487439760940788,7.555075473856789,0.0,3.669548748819241,2.7234639109789818,12.02573294863422,16.471239947020074,34.66732981868179,0.6109022556390977,0.868421052631579,0.9699248120300752,0.6983082706766918,0.3016917293233083
ensemble,tuned_weight_blend,cv_oof,60.0,1118,5.300343225122077,3.717962540701766,0.08833905375203463,0.061966042345029435,7.564623305996062,0.0,2.5178468847721875,1.5043202126098905,11.550125550455146,14.911266474596998,55.44243750959632,0.6028622540250447,0.8640429338103757,0.9767441860465116,0.6073345259391771,0.3926654740608229
ensemble,tuned_weight_blend,cv_oof,70.0,1065,5.56871336867355,4.754577511752274,0.07955304812390786,0.06792253588217534,7.101639763235057,0.0,-1.3580831521093855,-2.4104150527859503,11.067398674544432,14.094156036694141,40.6719104013215,0.5286384976525822,0.8619718309859155,0.9915492957746479,0.3568075117370892,0.6431924882629108
ensemble,tuned_weight_blend,cv_oof,80.0,1095,7.375210245557895,6.775338408233978,0.09219012806947369,0.08469173010292472,9.002962571703135,0.0,0.6496007033193643,0.14897873746680546,14.112335553569928,16.406404524021426,35.86756396381327,0.36164383561643837,0.7269406392694064,0.9780821917808219,0.508675799086758,0.491324200913242
ensemble,tuned_weight_blend,cv_oof,90.0,1047,7.013159920785558,4.897920843974845,0.07792399911983952,0.054421342710831606,10.144073807383043,0.0,3.093865415127554,1.6054570424594203,16.190902650571275,22.48858907325494,57.613740029913544,0.5081184336198663,0.7879656160458453,0.936007640878701,0.6026743075453678,0.3973256924546323
ensemble,tuned_weight_blend,cv_oof,100.0,1066,7.837605283617842,6.802943393793477,0.07837605283617842,0.06802943393793477,9.72645227621281,0.0,-2.1856579339576543,-3.9240962657516647,15.280666055860728,17.842467484606928,37.96062133631273,0.35647279549718575,0.7101313320825516,0.9652908067542214,0.3227016885553471,0.6772983114446529
ensemble,tuned_weight_blend,cv_oof,115.0,1139,7.2392417734548165,5.396265898936093,0.06294992846482449,0.04692405129509646,9.581585215074528,0.0,4.183486209548708,3.663733925826449,15.858024207053798,20.058435449669368,40.025135221982936,0.4697102721685689,0.7383669885864794,0.9490781387181738,0.6962247585601404,0.3037752414398595
ensemble,tuned_weight_blend,cv_oof,125.0,1018,8.86596360799364,7.933017326531143,0.07092770886394911,0.06346413861224914,10.592131002313101,0.0,-2.6122476556718803,-4.634763323924872,17.327112730692548,20.300467309138273,28.95481811901128,0.2829076620825147,0.6394891944990176,0.9449901768172888,0.3320235756385069,0.6679764243614931
ensemble,tuned_weight_blend,cv_oof,150.0,1018,10.829722886016338,9.257975644156872,0.07219815257344227,0.06171983762771248,13.50676682401794,0.0,-10.540525771624674,-9.257975644156872,22.918421963731284,26.56580058270921,39.70334871588315,0.2966601178781925,0.5275049115913556,0.8506876227897839,0.08447937131630648,0.9155206286836935
ensemble,tuned_weight_blend,test,20.0,177,1.2397088986437634,0.5312876673380522,0.061985444932188175,0.02656438336690261,2.2268611424458724,0.0,0.9290145182193048,0.27402341842651623,3.597542619231692,5.295587119103487,11.058186598907955,0.9378531073446328,0.9887005649717514,1.0,0.655367231638418,0.3446327683615819
ensemble,tuned_weight_blend,test,30.0,193,2.087494245950171,1.5163005367339615,0.06958314153167236,0.050543351224465384,2.8096866698168865,0.0,-0.529597566271366,-0.6819087655809177,4.894825805315292,5.827209313934288,9.154750727384048,0.9067357512953368,1.0,1.0,0.3626943005181347,0.6373056994818653
ensemble,tuned_weight_blend,test,40.0,186,3.2319596931717323,1.8653896638294967,0.0807989923292933,0.04663474159573741,5.048879950979868,0.0,0.7161539040911544,-0.1017016980621186,7.444281074941177,10.1462993305832,22.773835790224425,0.8010752688172043,0.946236559139785,0.989247311827957,0.4838709677419355,0.5161290322580645
ensemble,tuned_weight_blend,test,50.0,186,5.030639110131225,3.4971805135618013,0.10061278220262451,0.06994361027123602,6.930890844534965,0.0,2.9230617450746292,1.8929520295862865,11.553050334754413,15.235868449803597,24.774463697785635,0.6129032258064516,0.8602150537634409,0.978494623655914,0.6505376344086021,0.34946236559139787
ensemble,tuned_weight_blend,test,60.0,203,5.03786965711603,3.804737822299529,0.08396449428526717,0.06341229703832549,7.041924314382387,0.0,2.61513316305227,2.657951277920276,10.57662054324642,13.816712646381854,35.963497308917226,0.6206896551724138,0.8817733990147784,0.9802955665024631,0.6748768472906403,0.3251231527093596
ensemble,tuned_weight_blend,test,70.0,189,5.45598912271363,4.529344181121829,0.07794270175305183,0.06470491687316898,6.963443207657246,0.0,-1.683611020013308,-2.5583990002893273,10.451003526696327,13.502980803642181,25.63102610076419,0.5238095238095238,0.8835978835978836,0.9894179894179894,0.3333333333333333,0.6666666666666666
ensemble,tuned_weight_blend,test,80.0,187,7.194396899755771,6.702095515698375,0.08992996124694713,0.08377619394622968,8.942662032098312,0.0,0.0741434464112517,-1.1785071741038138,13.586000367548198,15.351118665640238,40.60583439995652,0.39572192513368987,0.7433155080213903,0.983957219251337,0.43315508021390375,0.5668449197860963
ensemble,tuned_weight_blend,test,90.0,190,6.760819247082533,4.388954956823483,0.07512021385647258,0.048766166186927584,10.990242409436378,0.0,2.98411185826488,0.8765417630641963,13.990137407463926,20.018449309834132,56.77726454769669,0.5578947368421052,0.8263157894736842,0.9473684210526315,0.5526315789473685,0.4473684210526316
ensemble,tuned_weight_blend,test,100.0,188,8.437134799379095,7.912067637066933,0.08437134799379095,0.07912067637066933,10.487431732208009,0.0,-2.80986718591167,-5.126034598436711,16.285025431298976,19.17881119190284,47.145158953143806,0.31382978723404253,0.6968085106382979,0.9574468085106383,0.28191489361702127,0.7180851063829787
ensemble,tuned_weight_blend,test,115.0,187,8.24198474805592,6.029271991001266,0.07166943259179061,0.052428452095663186,11.065460548843168,0.0,5.011697753469354,4.120423393171052,18.450389783940338,24.445512408199388,31.796603008410813,0.44385026737967914,0.6898395721925134,0.9090909090909091,0.7058823529411765,0.29411764705882354
ensemble,tuned_weight_blend,test,125.0,185,8.651537247585155,8.318718331936111,0.06921229798068125,0.06654974665548889,10.28707221553233,0.0,-1.6549859282392645,-3.461553732853929,16.905676321743204,18.820133332428195,26.262512479943354,0.2918918918918919,0.6486486486486487,0.9675675675675676,0.3945945945945946,0.6054054054054054
ensemble,tuned_weight_blend,test,150.0,189,10.625708457680368,8.51601612416269,0.07083805638453579,0.056773440827751265,13.187091211605113,0.0,-10.289437861654386,-8.51601612416269,22.500385323990127,24.69385040531044,31.72621765044684,0.2857142857142857,0.5502645502645502,0.8465608465608465,0.07936507936507936,0.9206349206349206
